cliente_id,nombre,email,genero,pais,fecha_registro
b16da8b8-a3c6-4bd2-a9a6-1c65b0660106,Valentina Flores,valentina.flores.0@example.com,F,Costa Rica,2025-04-25
c54ffd5f-9f5e-43e6-9197-93fdbf80fe13,José Vargas,jose.vargas.1@example.com,F,Colombia,2024-08-31
aafa7b21-6a17-4c33-84df-fd6b47ff6022,Carlos Flores,carlos.flores.2@correo.com,M,Perú,2024-10-18
a21edd17-824e-46da-b88b-caede729e549,María Vargas,maria.vargas.3@mail.com,F,Costa Rica,2023-04-04
0055b6d9-cfb1-4beb-903f-291071cc71f1,María Torres,maria.torres.4@correo.com,F,México,2024-11-14
da019cb8-f93e-4557-8df4-944c1fd7a22e,José Flores,jose.flores.5@example.com,M,México,2023-01-27
431d849f-dc40-48b7-81fe-e0d0afb8abd7,José Martínez,jose.martinez.6@mail.com,M,Costa Rica,2024-08-19
04c15ccf-8466-42aa-9081-f89ce80d793d,Carlos García,carlos.garcia.7@mail.com,F,México,2023-05-10
a1ee9814-1cfa-4f09-8877-b4c2ec42536b,Paula Torres,paula.torres.8@example.com,M,Perú,2024-04-11
8f1ad7da-35fc-4e8c-9349-67ee0fa868b8,Paula Torres,paula.torres.9@correo.com,F,Perú,2023-06-14
d7c71662-a28c-4f5e-a84b-044bcc3c88cc,Diego Torres,diego.torres.10@example.com,F,Chile,2025-05-12
03801d14-99d3-4efe-ae05-8b7554bae281,Carlos González,carlos.gonzalez.11@correo.com,F,México,2023-09-14
98bddb89-cd05-41d8-8252-becdc2d806ea,José Hernández,jose.hernandez.12@correo.com,M,Perú,2024-07-19
82a763c3-c4ec-4563-b0cc-0841d2a61a13,Alejandro Torres,alejandro.torres.13@correo.com,F,Estados Unidos,2024-09-30
d53b7c7f-edba-49dc-87fa-b96226f5ea2c,Daniel Rodríguez,daniel.rodriguez.14@example.com,M,Estados Unidos,2023-12-29
b949d9d1-0179-47cc-a6e0-6d6bd3b8887a,Javier González,javier.gonzalez.15@correo.com,F,Chile,2024-02-15
44d6f704-74fa-4600-bf20-0e3143aef488,Paula Rodríguez,paula.rodriguez.16@mail.com,F,Costa Rica,2023-05-28
ced20183-b809-4800-bad7-1cea2b8bb03b,Carlos Hernández,carlos.hernandez.17@correo.com,M,Chile,2024-02-10
70d77284-7f07-4f88-8193-9246941e1f10,Carlos Hernández,carlos.hernandez.18@correo.com,M,Colombia,2024-01-11
6efcafbb-c713-461e-ab1c-1916e6609c71,Ana Torres,ana.torres.19@mail.com,F,Colombia,2023-12-18
897ff13f-f47c-4f6a-b881-5c3a47b1c59d,Paula González,paula.gonzalez.20@example.com,M,México,2025-04-30
787db82a-1d44-411a-918e-473c2e201308,Paula González,paula.gonzalez.21@correo.com,F,Colombia,2023-05-29
3f3d6ee0-3dd5-43f8-aac7-7e26868a82c4,Luis García,luis.garcia.22@mail.com,M,Chile,2024-12-24
0628a486-a840-4f5b-8263-194b203ac5d6,María Ramírez,maria.ramirez.23@mail.com,M,Costa Rica,2025-01-03
c5acb5f0-8411-4819-b201-9e8d8dbab767,Diego Ramírez,diego.ramirez.24@example.com,M,Chile,2024-11-06
bf00af16-fa50-45de-b5b3-632e27a2c308,Alejandro López,alejandro.lopez.25@example.com,F,México,2025-01-06
553d78ce-f34b-409b-9666-c8bfd7be9b10,Paula Ramírez,paula.ramirez.26@mail.com,M,Perú,2025-02-17
74590d0f-aaea-4ae5-aba5-a052eca26444,Paula Rodríguez,paula.rodriguez.27@mail.com,M,Chile,2023-02-08
6228d939-cfec-4401-91b4-ada515f84231,Daniel Ramírez,daniel.ramirez.28@mail.com,M,Colombia,2024-07-02
21f56581-6f70-48ae-9c0a-472426cdc05b,Ana González,ana.gonzalez.29@mail.com,M,Chile,2023-05-20
6a0b7c50-b007-4963-b749-44b8614cfb99,Laura Sánchez,laura.sanchez.30@correo.com,F,Estados Unidos,2024-08-24
09bf3b5e-4f2b-4c47-bc27-23d16abda1c5,Valentina González,valentina.gonzalez.31@correo.com,M,Estados Unidos,2023-03-17
3a9ba925-9c62-4d4b-813d-d0f11ca3be6a,Camila Torres,camila.torres.32@correo.com,F,México,2025-06-28
f2294076-e298-469c-85aa-831b7790a7a2,Lucía Hernández,lucia.hernandez.33@correo.com,M,México,2023-08-16
8ad61056-5c3b-41b3-9aff-784c7aa6d982,Luis García,luis.garcia.34@example.com,F,Estados Unidos,2025-03-16
1c114734-aa5a-4f19-960e-93584c073986,Laura Vargas,laura.vargas.35@correo.com,F,Costa Rica,2023-03-03
bca349c8-eedb-4c72-91d5-5a762791da9c,Luis Hernández,luis.hernandez.36@mail.com,M,México,2024-11-13
199919b8-0324-49c9-a315-d950c3b9ff71,Diego López,diego.lopez.37@correo.com,M,México,2024-12-16
85abf935-c817-4f77-8c97-25ec58ddf275,Paula López,paula.lopez.38@example.com,F,Estados Unidos,2024-12-13
853eadd8-8c5d-487c-9e91-a7e1753616cb,Carlos González,carlos.gonzalez.39@correo.com,F,Chile,2024-12-17
4c5d2adb-d7c2-474a-8d6d-547603025d1c,Sofía Flores,sofia.flores.40@mail.com,F,Chile,2023-05-02
552ac97c-b6c8-4df8-80fd-b0a1d3acf35d,Camila Sánchez,camila.sanchez.41@correo.com,F,Estados Unidos,2023-04-07
35ebd0b5-9ac5-4c33-a4e8-07594f423fa0,Andrés Hernández,andres.hernandez.42@example.com,M,Costa Rica,2023-04-22
f1b00d08-ec23-475f-8205-c260e6e42d22,Laura García,laura.garcia.43@correo.com,M,Estados Unidos,2024-12-18
287f09d1-1fcc-4402-9f96-91ea2a86daba,Lucía Rodríguez,lucia.rodriguez.44@mail.com,M,México,2023-08-27
35b984b8-94d4-4a55-80ad-9e3c3558dd42,Valentina Flores,valentina.flores.45@mail.com,M,Perú,2023-07-07
fc52a8f8-286e-4819-8588-524901c878c7,Diego Sánchez,diego.sanchez.46@example.com,M,Chile,2025-02-04
d714eeca-f621-4480-8bb5-e3c70020cced,Javier Sánchez,javier.sanchez.47@correo.com,F,Chile,2024-07-14
df5c2b6f-18c2-4e48-a97a-796149f81229,Ana Rodríguez,ana.rodriguez.48@mail.com,M,México,2023-02-09
20c20fe3-b758-484d-93fc-51bf08b657a8,José Sánchez,jose.sanchez.49@correo.com,F,Chile,2024-08-04
92d8ad08-bd3e-496f-a328-2e19a2c1a32a,Valentina Martínez,valentina.martinez.50@correo.com,M,Colombia,2025-03-03
8e0a0037-f7fd-4668-a6b8-f296a297e092,José Torres,jose.torres.51@correo.com,F,Perú,2025-06-18
730f5ebc-8011-4b74-8e38-51d285f406ff,Sofía Ramírez,sofia.ramirez.52@example.com,F,Chile,2023-10-15
803bb415-9210-413e-92ef-b582ae1c193a,Laura López,laura.lopez.53@correo.com,M,México,2024-02-09
df3c5789-a2df-4a8c-8b8a-e20d4161bc03,Lucía Rodríguez,lucia.rodriguez.54@example.com,M,Estados Unidos,2024-12-25
038d8c1e-3860-485f-85cd-7f844232ffdf,Ana Torres,ana.torres.55@mail.com,F,Colombia,2025-04-30
dd14d00d-f5cf-4254-933f-8ea5391cf45b,María García,maria.garcia.56@example.com,M,Perú,2025-06-18
a2fa9c32-69b1-4c6d-80e8-d91687991afd,Alejandro Martínez,alejandro.martinez.57@correo.com,M,México,2023-07-07
a85c8fcd-f11d-4f2c-9b28-565ee2dbbf58,Lucía Torres,lucia.torres.58@correo.com,M,Colombia,2023-12-17
8f0d83e6-561f-492d-b1ec-d97a940370f3,Diego Sánchez,diego.sanchez.59@example.com,M,Costa Rica,2023-12-22
c2078238-f805-4b09-8d00-03006a29de36,Lucía Pérez,lucia.perez.60@example.com,M,México,2023-12-14
77ef111c-af6d-4a28-9b7e-26df5a920cf8,Carlos Torres,carlos.torres.61@example.com,M,Chile,2024-04-05
31563c44-419a-40c1-a366-243655d6bac4,María García,maria.garcia.62@correo.com,M,Costa Rica,2024-06-25
0fcac9fa-ddb5-4ea4-91a9-cd7393148c21,Valentina García,valentina.garcia.63@mail.com,M,Perú,2025-03-13
7cee870e-d96b-4a75-95c2-b766dde2b659,Javier Pérez,javier.perez.64@example.com,M,Chile,2024-02-29
f15d4f8c-e0e9-42d2-bd21-bc4fd2ad9ca0,Daniel Hernández,daniel.hernandez.65@correo.com,M,Chile,2024-11-09
a59ad258-3213-406a-8eca-0519820087e9,Javier Flores,javier.flores.66@mail.com,F,Chile,2024-01-01
da2719fc-4fb7-4c86-87d4-f813b6850da2,Alejandro Flores,alejandro.flores.67@example.com,M,Chile,2024-07-15
c1bfd1b3-30a4-4edd-81ee-fb2f449a6216,Camila Rodríguez,camila.rodriguez.68@example.com,M,Costa Rica,2024-09-30
e285f2b8-7eca-4104-ab23-35a2b883855b,Valentina Rodríguez,valentina.rodriguez.69@mail.com,F,Perú,2024-06-19
4a2db76d-02a1-4b06-87ad-ad0658ba73e1,Daniel Martínez,daniel.martinez.70@correo.com,M,Estados Unidos,2025-03-11
5a594fd4-7027-4929-be74-55c6db3d13b0,José Martínez,jose.martinez.71@example.com,M,Chile,2024-05-09
452d0549-0adb-431f-b0d9-02d1c278807b,Paula Ramírez,paula.ramirez.72@example.com,F,Perú,2023-10-18
f0fa99d8-1ac8-43a0-9d55-ce9749ab1c29,Carlos Vargas,carlos.vargas.73@mail.com,F,Chile,2023-09-09
e01e220d-8208-48f9-9a33-c31d9f4898e0,Luis Martínez,luis.martinez.74@example.com,M,Chile,2023-10-22
8cc07885-0acd-407b-b4d9-6bed487f9d79,José Sánchez,jose.sanchez.75@mail.com,F,Estados Unidos,2024-08-20
b505a1a2-3cfd-49b2-85c7-8b3fef319df7,Andrés Sánchez,andres.sanchez.76@mail.com,F,Estados Unidos,2024-09-21
2bdac55e-8b84-486c-aa23-c12237c1779c,María Vargas,maria.vargas.77@mail.com,F,Estados Unidos,2023-01-12
0b747be6-5c31-4f84-bfdb-7e1638f178bd,Paula Hernández,paula.hernandez.78@example.com,M,Estados Unidos,2024-08-09
33ab9ad6-07a0-4811-890c-e61fb30d96f4,Camila Vargas,camila.vargas.79@example.com,M,Chile,2024-04-20
2af1596a-8d3b-4d93-a858-959e3d869535,Javier Martínez,javier.martinez.80@mail.com,F,Perú,2024-04-03
2ef664c9-9e9c-46b5-a57e-21792d769dc3,Laura Sánchez,laura.sanchez.81@correo.com,M,Chile,2023-11-09
d65b33e7-08ed-4fab-b437-14aef198dd30,Sofía Flores,sofia.flores.82@correo.com,M,Colombia,2024-10-24
48e81c37-8f26-41d8-b69f-d3bef378e373,Valentina Ramírez,valentina.ramirez.83@example.com,F,Costa Rica,2023-04-05
08ab021e-db75-4702-9d3f-21f4a1aaa2f5,Luis Torres,luis.torres.84@mail.com,F,Estados Unidos,2023-11-30
94d617ec-d54b-464e-b75f-97a4c89a8a80,Sofía Torres,sofia.torres.85@example.com,M,Colombia,2023-12-29
6ee96819-cf2e-4a92-bf95-5c0f6907a52c,Paula Torres,paula.torres.86@example.com,M,Colombia,2023-10-02
c46a8c3a-cb94-4c20-a047-b87f7c5efdb9,María López,maria.lopez.87@correo.com,M,Chile,2025-03-05
14211f0e-e9c9-4448-8de6-de3a57f6e503,Luis Martínez,luis.martinez.88@mail.com,F,Estados Unidos,2025-01-08
e636dc6a-2cab-4fb5-9e89-daab97ce19a2,Andrés González,andres.gonzalez.89@mail.com,F,Colombia,2024-06-18
4d6e8038-082e-41f1-a6ae-2062f7be7bd1,Ana Pérez,ana.perez.90@example.com,M,Costa Rica,2025-02-11
59b9f52d-2842-4d0c-bba9-4174db9c0575,Luis Pérez,luis.perez.91@example.com,F,Chile,2023-04-17
cf3fd861-b653-4031-8518-4257ce711dd8,Luis Rodríguez,luis.rodriguez.92@example.com,M,Colombia,2024-12-13
7930d979-b2d6-4ece-a2a2-6d95f88f1d91,Javier Rodríguez,javier.rodriguez.93@mail.com,M,Perú,2025-05-12
9fd66648-39fe-4f7b-9fd7-e8da13ecbad1,Ana García,ana.garcia.94@example.com,M,Perú,2025-01-13
3fa27a3e-3cda-4dd2-87b4-4056394dbd33,Laura González,laura.gonzalez.95@correo.com,F,Perú,2024-05-30
f07cfe40-1b84-48f6-8a7b-79491de7a717,Carlos Ramírez,carlos.ramirez.96@example.com,M,Perú,2025-04-18
a8cfa025-e945-4387-ae46-3a56f30dd3c9,Laura Flores,laura.flores.97@correo.com,M,Chile,2023-12-31
373db639-2965-4a87-87d1-734c56e0c8fd,Lucía Flores,lucia.flores.98@example.com,F,Perú,2024-10-08
36c54841-fa0a-4fc2-8b6b-35e66079868a,Camila Flores,camila.flores.99@example.com,M,Estados Unidos,2025-06-17
9c3e5c19-9bff-4366-8c71-3f6677a95090,José Pérez,jose.perez.100@mail.com,M,Colombia,2023-10-22
33006a88-7af1-42d5-b53c-346f827179c1,José Vargas,jose.vargas.101@correo.com,M,Perú,2025-02-19
3279088c-39b6-4f90-b9b7-a2c0651c3a4c,Lucía Torres,lucia.torres.102@example.com,F,Estados Unidos,2025-04-23
511dc332-ce4d-4fc6-9340-4bdf0685c17d,Ana Sánchez,ana.sanchez.103@correo.com,M,Costa Rica,2023-03-06
04b89ca3-8a95-466d-bac9-76196bf24af0,Laura López,laura.lopez.104@correo.com,F,Colombia,2023-07-09
bf5bddbe-ab1a-4c27-aa1b-a85f0ac56f65,Ana Martínez,ana.martinez.105@mail.com,M,Estados Unidos,2024-12-14
c139ad30-d969-4b1e-970c-3c9917ca33a1,Alejandro Pérez,alejandro.perez.106@mail.com,F,Costa Rica,2024-03-03
3a9387fa-8ecb-4754-9f2a-446d74bea2b7,Ana Rodríguez,ana.rodriguez.107@correo.com,F,México,2024-03-29
7b11658e-965a-4b52-b170-4dd3df7e5312,María Flores,maria.flores.108@correo.com,M,México,2023-10-29
7beea72b-aeac-42ed-8382-2102e9b95b5f,Sofía Hernández,sofia.hernandez.109@example.com,M,Costa Rica,2024-12-26
ce7e5a86-7ed1-4343-a7c8-4f77f5b0a842,Sofía Ramírez,sofia.ramirez.110@example.com,M,Colombia,2023-08-20
2945fc5c-5cc4-42ff-8510-0c67a4bba020,Javier Flores,javier.flores.111@example.com,F,Perú,2024-02-10
2fdc93ae-70a2-492b-b39d-be27f8363d7b,Camila Pérez,camila.perez.112@correo.com,M,México,2023-12-21
94bd9f1d-7d91-4e72-b17f-e6a281b25e5f,Laura Ramírez,laura.ramirez.113@correo.com,F,Colombia,2024-04-03
c19f7cb8-c60e-4536-aacb-3fc77603ddf5,Diego López,diego.lopez.114@example.com,F,Costa Rica,2024-04-26
a219d9bc-0479-447d-9fb4-45ef5d2d3150,Laura González,laura.gonzalez.115@example.com,F,México,2023-05-07
5f1c307a-fe9c-407c-a3a9-a11bcbbe2114,Diego González,diego.gonzalez.116@mail.com,M,Estados Unidos,2024-08-16
41c43b26-14af-4217-bc96-b7fae07eb565,Diego López,diego.lopez.117@example.com,F,Estados Unidos,2023-04-19
4365427e-ed1a-437f-a098-39941b00db94,Daniel López,daniel.lopez.118@mail.com,F,México,2023-09-05
04d3e7ac-ae3b-4a39-8183-7761916c8603,Camila Sánchez,camila.sanchez.119@example.com,F,Perú,2025-04-23
5fbab115-d3ad-4031-8276-82bf259715e2,Daniel Rodríguez,daniel.rodriguez.120@correo.com,M,Costa Rica,2024-06-02
720f138b-a4b4-4ee2-a930-e5a2b94d10a6,Paula Torres,paula.torres.121@correo.com,F,Estados Unidos,2025-01-02
cf2039ea-d7b6-4010-89db-dfd5149e224c,María Martínez,maria.martinez.122@correo.com,F,Perú,2023-01-26
58067d0a-6eed-4d0e-bb64-c3cf9e269151,Carlos Sánchez,carlos.sanchez.123@mail.com,F,Costa Rica,2024-11-08
772c463a-0eda-4291-a1a9-bd958fd87469,Andrés García,andres.garcia.124@correo.com,F,Colombia,2024-01-03
1eb052e4-2c58-4a87-a9e4-49120d42e437,Sofía Pérez,sofia.perez.125@correo.com,F,Estados Unidos,2023-11-15
d5fc6e5e-7c4f-4556-bb32-0c55293bb697,Alejandro Martínez,alejandro.martinez.126@example.com,M,México,2024-02-02
a9bb2d34-a467-4cf0-ad98-2765776c6a52,José Sánchez,jose.sanchez.127@mail.com,M,Colombia,2024-01-07
e67532fd-f0e2-4a07-88fa-27b2fce1ab72,Diego Flores,diego.flores.128@example.com,F,Costa Rica,2023-08-07
8ca01d59-f56f-48a6-a3d6-28af3eba6586,Camila Ramírez,camila.ramirez.129@correo.com,F,México,2024-11-24
f4f7f8a6-27f8-4d39-ba74-9e658e7df6b7,María Rodríguez,maria.rodriguez.130@mail.com,M,Colombia,2023-08-09
3bbc3765-16ad-4c08-b77b-241c8c7a6c43,Carlos Rodríguez,carlos.rodriguez.131@example.com,M,Chile,2023-11-05
18ace9c2-8c95-46b1-8cb0-7a762007a165,Alejandro Martínez,alejandro.martinez.132@mail.com,M,Colombia,2024-03-27
28f2fa5e-2525-4a9e-bb70-27cb40c19da6,Luis Flores,luis.flores.133@correo.com,M,Perú,2025-02-06
cc2e312d-c5a6-452e-877c-3866bb645d06,Lucía Torres,lucia.torres.134@mail.com,F,México,2023-11-09
b97bd440-62fe-4377-928d-0be7a96a6a1a,Sofía Hernández,sofia.hernandez.135@correo.com,F,Costa Rica,2024-10-19
2715d42c-a913-47b2-ad29-4e061f673ea2,Ana Vargas,ana.vargas.136@mail.com,F,Estados Unidos,2024-11-20
657ca0cd-a9aa-4fcb-895f-35bce8c6422d,Ana Martínez,ana.martinez.137@example.com,F,Colombia,2025-05-24
cc82bffe-749f-451f-b17f-4d6e5ebb5147,Javier Flores,javier.flores.138@correo.com,F,Perú,2023-10-11
c00d977f-5f0c-49bf-9718-b8995b71ef23,Laura Sánchez,laura.sanchez.139@example.com,M,Perú,2025-02-12
bda1b04f-4a86-44bd-b91d-21b4a19a32eb,Laura García,laura.garcia.140@example.com,M,Colombia,2024-06-26
f810776a-edb0-4129-b592-1d65234099da,Diego Pérez,diego.perez.141@correo.com,F,México,2023-10-04
a25a4109-face-42fc-b3af-50e8a3e86455,María Torres,maria.torres.142@example.com,M,Costa Rica,2024-04-17
e30c2d8b-6248-4e60-9246-a27f0300daed,Ana Rodríguez,ana.rodriguez.143@example.com,M,Chile,2025-04-03
bf84f0b8-77ac-4506-b7c0-40bc223db9f5,Alejandro Torres,alejandro.torres.144@correo.com,F,Costa Rica,2024-02-07
73556a16-0960-42ae-8fff-5ae6c0f09fab,José Martínez,jose.martinez.145@correo.com,M,Estados Unidos,2025-02-08
e1f94ba7-bacd-48f0-9847-1449f38827f5,Diego García,diego.garcia.146@example.com,F,México,2023-09-11
195612d6-49e9-4de3-8615-57ac5aa118a9,Laura Vargas,laura.vargas.147@example.com,M,Costa Rica,2023-03-16
fb96b631-6ba9-41c1-9668-3894acaed000,Andrés Martínez,andres.martinez.148@example.com,F,Chile,2023-12-08
6588fba3-d095-4c8a-9da4-3d66fc5f5647,Daniel Vargas,daniel.vargas.149@example.com,M,Costa Rica,2024-11-11
30c99c72-c0ef-4bd2-aaad-c71f22791a5a,José Flores,jose.flores.150@correo.com,F,Colombia,2025-01-09
f573f35c-be82-4143-b394-afd4530e310c,Paula Flores,paula.flores.151@mail.com,M,Chile,2024-01-18
8f633903-c52b-45ca-b726-da255c963aec,María Torres,maria.torres.152@example.com,F,Perú,2023-01-17
81c198f8-a323-462e-8735-a108f0ee1023,Paula Sánchez,paula.sanchez.153@correo.com,F,Chile,2025-02-26
b04d11ec-63dd-4382-93ef-2128d345623a,Lucía Pérez,lucia.perez.154@example.com,M,Chile,2023-05-26
d7ecb083-87df-47d8-8f58-2b0a1f4c827c,Sofía Rodríguez,sofia.rodriguez.155@mail.com,M,Estados Unidos,2024-07-31
fdec9941-215b-4813-908e-10c5178caec5,Alejandro Pérez,alejandro.perez.156@mail.com,M,México,2025-03-11
dff3f9e8-e586-4723-860b-51bc6ea57d9b,Sofía Torres,sofia.torres.157@example.com,M,México,2023-12-22
5b4fc155-f5f3-4790-bbbe-bac01271c320,Valentina Torres,valentina.torres.158@correo.com,F,México,2024-09-28
c9d719fe-d3ab-41c2-a8bd-296e44276b97,Carlos Pérez,carlos.perez.159@correo.com,F,Perú,2024-02-04
b6242e62-44f5-4b8d-9e40-c260712a9560,Valentina Pérez,valentina.perez.160@example.com,F,Costa Rica,2025-05-22
8824e209-31ae-450b-bd23-420c43a38750,Daniel González,daniel.gonzalez.161@example.com,M,Estados Unidos,2023-02-05
dccb618b-8332-40d1-babe-3ca71cdd016e,Sofía Vargas,sofia.vargas.162@mail.com,M,Colombia,2024-02-16
bc19257a-3d40-4016-9833-42fa5bf03e55,Camila González,camila.gonzalez.163@correo.com,F,Colombia,2024-09-10
dca7f43f-e4d9-45fa-a826-50837bbfbcb0,Laura Pérez,laura.perez.164@mail.com,M,Chile,2023-05-09
ad369210-b3ec-4738-b2b4-aa927b20b717,Alejandro Pérez,alejandro.perez.165@correo.com,M,México,2023-07-18
83c6c3f2-9f8e-4bf2-ba58-701de4639fd4,Paula Pérez,paula.perez.166@mail.com,F,Perú,2023-04-25
7bb42715-b033-4899-b00e-f29feedcfd57,Lucía Ramírez,lucia.ramirez.167@example.com,F,Costa Rica,2025-06-08
f552adb9-6ef9-4af9-8753-93d105dd3958,Daniel López,daniel.lopez.168@mail.com,M,Chile,2023-06-29
50cd57ec-99ad-488a-929a-020ce5a14b86,Lucía Martínez,lucia.martinez.169@correo.com,M,Costa Rica,2025-02-03
2a05ad9e-a18b-46b1-9949-6b4c3a61e9ba,María López,maria.lopez.170@correo.com,F,Costa Rica,2023-07-04
447926c0-690f-4e66-bd01-8b5c0a414de4,Laura Flores,laura.flores.171@mail.com,M,Estados Unidos,2025-01-05
32ad9172-c1d9-4270-b202-aec4e4c0ba5f,Lucía Sánchez,lucia.sanchez.172@example.com,M,Colombia,2024-03-29
394332b1-dde1-44f2-bc5a-d584f0102fac,Ana Torres,ana.torres.173@correo.com,F,Chile,2025-04-10
ded97f49-010d-49c6-a72f-5fd772b660a2,Valentina Pérez,valentina.perez.174@correo.com,M,Chile,2024-04-25
57b5cb4c-9357-442f-b939-6152da7efe9b,Camila Martínez,camila.martinez.175@example.com,F,Costa Rica,2024-09-13
20653a38-2e54-4492-8214-bf9078f8e8af,Valentina González,valentina.gonzalez.176@correo.com,F,Colombia,2024-01-17
572c1356-adbb-47eb-955a-9e650c75b4a3,Andrés Martínez,andres.martinez.177@mail.com,M,México,2023-07-06
cf64b93e-2988-4da4-9593-7e46ef53eda5,Paula Flores,paula.flores.178@mail.com,M,Colombia,2024-04-17
a0ecbf71-3f1d-4c4c-8d24-af94d8b8c2d2,Andrés Rodríguez,andres.rodriguez.179@mail.com,M,Colombia,2024-07-06
33de62c4-31c2-4e0a-9ada-d8e84fcda58f,Paula López,paula.lopez.180@example.com,M,Chile,2023-07-24
c750353c-7d9c-4834-9ee9-ec291c2c52a9,Diego Sánchez,diego.sanchez.181@mail.com,M,Perú,2024-07-12
70db08a2-2078-4a68-8881-fd1b3b034a4c,Valentina Flores,valentina.flores.182@mail.com,F,Chile,2025-03-19
5407d6bd-067e-4772-94e1-7db61432f78c,Laura Rodríguez,laura.rodriguez.183@mail.com,M,Colombia,2023-03-05
995070cb-5151-4f50-90bd-79f8393bcbf5,Javier Vargas,javier.vargas.184@mail.com,M,Colombia,2025-05-21
b2958337-7d8a-436e-8161-8c3838d89ebc,Paula García,paula.garcia.185@example.com,F,Estados Unidos,2025-03-20
5bf3115e-1ae4-42e3-93cd-9abaec808fb8,José Sánchez,jose.sanchez.186@mail.com,F,Estados Unidos,2025-05-02
1ecfcb14-c05c-4ffb-9efc-e079782ef25a,Alejandro Torres,alejandro.torres.187@mail.com,M,Costa Rica,2023-12-07
e8b0328e-2931-4e85-ba65-6f051cc3a685,Alejandro Vargas,alejandro.vargas.188@correo.com,M,Colombia,2024-01-11
1a5610ae-384a-4bd4-87da-444f56917ffd,Daniel Hernández,daniel.hernandez.189@example.com,M,Estados Unidos,2023-01-24
dc9d6a2c-3050-4d02-969e-aca1018b531d,Valentina Sánchez,valentina.sanchez.190@mail.com,M,Perú,2024-03-25
094e36de-9fcf-475a-aa62-c4b2b564b343,María Ramírez,maria.ramirez.191@correo.com,F,Perú,2023-07-31
4e50ec9b-9cbb-42a1-bbe0-d4f612e0e0be,Ana Hernández,ana.hernandez.192@correo.com,M,Estados Unidos,2023-09-03
f7b28504-aabf-4b4b-bf19-d72c5061f0e5,Camila Rodríguez,camila.rodriguez.193@example.com,F,México,2023-03-05
23fe617b-e536-4a4a-8371-b86fcd52d46b,Daniel Rodríguez,daniel.rodriguez.194@example.com,F,Chile,2024-08-21
53166113-3d93-40ec-8249-5c726c1633cc,Andrés Martínez,andres.martinez.195@mail.com,F,Costa Rica,2023-01-14
5906364b-4c0e-4fb2-be96-e07aeabcdd90,Lucía Ramírez,lucia.ramirez.196@example.com,F,Colombia,2025-03-30
8b3e7b77-fd8e-4e3a-9ebe-f944b82bb118,Laura Rodríguez,laura.rodriguez.197@example.com,M,Chile,2025-02-13
0f22a790-e465-433a-96a2-0231c2d75f84,Valentina Martínez,valentina.martinez.198@mail.com,F,Chile,2025-02-19
c51a44e0-4717-42eb-94cb-1af87bf1c8fb,Daniel López,daniel.lopez.199@mail.com,F,Perú,2023-03-15
728ca9ed-3bac-4326-9334-6063010f8bff,Carlos Sánchez,carlos.sanchez.200@example.com,M,Costa Rica,2023-01-06
d317eb24-ed8e-4430-98ed-a76799df7a7d,Camila López,camila.lopez.201@mail.com,F,Costa Rica,2024-05-19
4d8b358a-690d-48e0-a813-8676dd0d5577,Andrés Torres,andres.torres.202@example.com,M,Chile,2024-05-05
bd7fb35e-4f9c-4028-b818-84b65697546b,José Pérez,jose.perez.203@correo.com,F,Chile,2025-06-21
62c73f8a-25b5-4090-ab21-81a3645ccd6e,Luis Sánchez,luis.sanchez.204@mail.com,M,México,2024-06-07
aa4d7489-f42a-48f9-bc02-ffd1a4ec8e97,Alejandro Pérez,alejandro.perez.205@correo.com,F,Estados Unidos,2025-04-10
d08c0bc1-8043-4b10-aac1-ecad425719d3,José Martínez,jose.martinez.206@example.com,F,Colombia,2025-04-04
f3d37e2b-e06e-4f8c-ae39-05e2af314121,Lucía González,lucia.gonzalez.207@correo.com,F,Estados Unidos,2024-03-19
9ab89353-9272-4a93-8543-80da0eb907eb,Ana Sánchez,ana.sanchez.208@correo.com,F,Chile,2024-11-04
e26cbe58-2163-416f-b41d-3ba314bd8171,Laura López,laura.lopez.209@example.com,F,Colombia,2024-03-27
a63efb47-ced0-4a5c-a114-95393413d8b0,Daniel Hernández,daniel.hernandez.210@mail.com,F,Estados Unidos,2025-06-04
988fcc67-1991-4b26-963f-d534b82d5cb3,Daniel González,daniel.gonzalez.211@mail.com,M,Chile,2023-06-19
2bb60e6d-6e5e-44c0-89a3-4c3dd8859b13,José Martínez,jose.martinez.212@example.com,M,Costa Rica,2025-05-16
d208ca20-1376-40a8-a340-934af1d8fcfe,Andrés Ramírez,andres.ramirez.213@example.com,M,Estados Unidos,2024-01-12
c1c37e3e-e8cd-4215-b23e-15471b6d6e4d,Valentina González,valentina.gonzalez.214@correo.com,M,Chile,2023-05-24
6264168f-12a5-4680-add0-e8bd7022caac,Andrés Rodríguez,andres.rodriguez.215@mail.com,F,Colombia,2025-04-07
ecf0fed1-09c0-4867-9b54-664e8e2d76f2,Ana García,ana.garcia.216@example.com,F,Perú,2024-06-13
0079b9d3-73c5-4911-8696-387bc6dd10a7,Sofía Vargas,sofia.vargas.217@example.com,M,Chile,2025-04-09
1cbcbb4f-80e8-448f-b1c7-4284059de8c2,Alejandro López,alejandro.lopez.218@example.com,F,México,2023-02-01
74a61c1b-066e-4262-ae5b-a0b3a1f1f970,Ana Ramírez,ana.ramirez.219@correo.com,M,Costa Rica,2023-06-02
225fe569-c745-4718-8912-6ed0e5e76b89,Ana Hernández,ana.hernandez.220@correo.com,F,Colombia,2023-03-18
63db9ee9-6c8e-461b-ae2d-c3caf850eb24,Camila González,camila.gonzalez.221@correo.com,M,Costa Rica,2024-08-20
7754b515-4a6d-4925-bd0b-656dd845ff22,Sofía Torres,sofia.torres.222@mail.com,M,Perú,2025-03-21
214db538-a02f-4614-9889-bc86f69be6e9,Javier Flores,javier.flores.223@mail.com,M,México,2025-02-24
7ec185a9-0fc2-4f52-a781-77e6595ee968,Camila González,camila.gonzalez.224@example.com,F,Chile,2025-02-12
4dbb1ae5-c2d6-4545-83a6-d1f751816a58,María Sánchez,maria.sanchez.225@mail.com,M,Chile,2023-08-19
0bd0973e-d93c-4db4-8c48-01a65324f95c,Paula García,paula.garcia.226@mail.com,F,México,2024-12-30
35a13d75-93f0-4a33-887e-d4646fee90ec,Javier Flores,javier.flores.227@mail.com,F,Perú,2023-05-30
ea12a7f2-8036-4dee-a29d-2a4417ef3566,Luis Torres,luis.torres.228@example.com,F,Colombia,2024-04-29
dad3ca6c-02bd-4e19-ac16-6c5c806c9918,José Ramírez,jose.ramirez.229@example.com,F,Costa Rica,2023-04-01
28a7b549-ee58-49ad-a549-08ee37edd6f3,Alejandro Hernández,alejandro.hernandez.230@correo.com,F,Costa Rica,2023-08-09
e235adcc-7ad9-4c3f-98cc-2b568847677b,Luis Vargas,luis.vargas.231@correo.com,M,México,2023-12-25
c7dd74a5-a08f-4431-b22c-5855ead79ce9,Luis García,luis.garcia.232@example.com,M,México,2023-10-07
73d6a20e-a166-45da-8b2c-67f46dd8e9b3,Sofía Martínez,sofia.martinez.233@mail.com,M,Costa Rica,2024-06-09
c2e8d7e6-7feb-4f20-9b34-d79d7cddbc2d,Luis Pérez,luis.perez.234@correo.com,M,Perú,2023-06-28
2ddf0bc1-a824-41da-be46-9f0e3a9c46bf,Luis Torres,luis.torres.235@correo.com,M,Costa Rica,2023-07-22
0704b7af-22c9-443a-b549-3e3bc0e87127,Diego García,diego.garcia.236@example.com,F,Chile,2024-12-12
9c9d49d2-07c8-4609-b4e6-f61f48a598ce,Daniel Vargas,daniel.vargas.237@correo.com,F,Perú,2023-07-22
1c5dcb84-cd8e-4c13-b997-414a67276c82,Laura Sánchez,laura.sanchez.238@example.com,M,Estados Unidos,2024-02-12
8fa1d89e-2e52-4744-a3b5-c80c4458cdc3,Luis Ramírez,luis.ramirez.239@example.com,M,Costa Rica,2023-06-03
0f3f1577-5ad8-419c-a213-cb32fc4ca7f5,Camila López,camila.lopez.240@correo.com,M,México,2023-12-02
35fe292f-7029-4a46-ac9c-0ccdd263dc52,Sofía Ramírez,sofia.ramirez.241@example.com,M,Perú,2023-07-23
b09db86b-e863-4e24-a538-ee564fae5aec,Paula Ramírez,paula.ramirez.242@example.com,M,Colombia,2024-10-14
585f684d-2b2f-440e-9ed4-fb909959e85f,Diego González,diego.gonzalez.243@example.com,M,Colombia,2024-05-15
e285414b-6ef5-49d6-9747-6ed132587824,Daniel Rodríguez,daniel.rodriguez.244@example.com,F,Estados Unidos,2024-07-01
d4392fa7-e998-4f82-a8e0-042c1d430995,Daniel García,daniel.garcia.245@example.com,F,Costa Rica,2024-09-24
3e9e350a-472f-4f6d-8088-4d8152411e6e,Paula González,paula.gonzalez.246@correo.com,M,Perú,2024-03-11
9cd2bc4c-c3c2-4046-8290-751829404126,Sofía Vargas,sofia.vargas.247@correo.com,M,Chile,2023-09-30
5cfb0d02-2710-4354-822b-ecb7d0d07943,Andrés González,andres.gonzalez.248@mail.com,M,México,2025-02-20
a28ef26a-7ce2-4e20-b3c8-d643aa8d5b16,Laura Torres,laura.torres.249@mail.com,M,Costa Rica,2024-05-21
e43a004f-03cf-42a1-985c-12c88fc56194,Ana Martínez,ana.martinez.250@example.com,M,Estados Unidos,2024-04-29
bd89db12-f578-44c0-b47e-e0175e77f145,Alejandro Rodríguez,alejandro.rodriguez.251@example.com,M,Colombia,2025-03-16
d88b9ec0-7f28-4ea6-980f-4065cdbaac2b,Sofía Torres,sofia.torres.252@correo.com,F,México,2023-05-17
bf5d817d-c251-43b4-bb72-b94f1946a7f6,Diego Flores,diego.flores.253@correo.com,M,México,2025-03-11
76be76f1-75b5-4d13-9b89-984897c4a496,Laura Rodríguez,laura.rodriguez.254@example.com,F,Chile,2023-08-29
03a16f19-fc1d-4f71-8628-19584b389845,Lucía González,lucia.gonzalez.255@mail.com,F,Colombia,2024-10-22
b61f3456-320e-4401-ab26-da03b91d63f9,María Vargas,maria.vargas.256@correo.com,F,Colombia,2025-02-12
47c73cee-f64d-4530-b4d0-1f313920cf52,Diego Rodríguez,diego.rodriguez.257@mail.com,M,Costa Rica,2025-04-25
287f2edd-0187-4533-a015-66481636786f,Ana Sánchez,ana.sanchez.258@mail.com,F,México,2025-01-25
b46b48e8-acc8-4dcf-a0df-45d17f31c0e4,Alejandro Rodríguez,alejandro.rodriguez.259@example.com,M,Colombia,2024-12-02
fad363c3-3d9b-41d8-bcde-5dee5fc60aff,María Flores,maria.flores.260@example.com,M,Colombia,2023-10-25
d100af71-13e6-4246-ab08-cbb10e74f6a5,Javier Hernández,javier.hernandez.261@correo.com,M,Estados Unidos,2023-05-07
029e13ab-89ee-47ae-8e40-0930bd292757,Lucía López,lucia.lopez.262@mail.com,M,Perú,2024-08-13
ee01b2c9-aec4-44fa-89f5-7f79aab2e243,Sofía Pérez,sofia.perez.263@example.com,M,Costa Rica,2024-03-31
6bfadcfb-4087-4c79-b945-dd26a1dc8e8a,Daniel Sánchez,daniel.sanchez.264@mail.com,F,Perú,2024-10-01
d2128904-6c63-490a-9746-76b9cebb2221,Laura Ramírez,laura.ramirez.265@mail.com,F,Estados Unidos,2023-09-28
fb3166ba-ce60-4146-9c5a-11dfd09dfb9e,Lucía Hernández,lucia.hernandez.266@example.com,F,Costa Rica,2024-07-04
e43e8f6c-fef0-48e1-919e-bfcc6d2f7fbe,Daniel López,daniel.lopez.267@mail.com,F,Costa Rica,2024-04-10
b9dd6591-6d7a-4598-86b2-a36310515083,Camila Ramírez,camila.ramirez.268@correo.com,M,Chile,2024-05-18
f775921e-e4a6-495e-a9cc-9f65f5663c4e,Ana Ramírez,ana.ramirez.269@correo.com,M,Estados Unidos,2023-07-01
68091d54-4e0e-4eaf-a069-570607b71353,Lucía Hernández,lucia.hernandez.270@correo.com,F,Perú,2025-03-18
6c0e54f3-b57e-4032-91c8-0f8091724b0c,Daniel Hernández,daniel.hernandez.271@mail.com,F,Costa Rica,2023-11-30
e6adff5d-fd2e-4715-87bd-dda618a2f39f,Luis Torres,luis.torres.272@mail.com,M,Perú,2024-10-24
59cbc518-ea5b-4118-b874-65b8ce778754,Valentina Hernández,valentina.hernandez.273@example.com,F,Colombia,2025-02-12
fcda06e8-972c-4b45-8992-d5657bc86f72,Camila Hernández,camila.hernandez.274@correo.com,M,Costa Rica,2023-04-09
9027b02b-ee4b-43e0-a49b-b0b3d9254fc1,Luis González,luis.gonzalez.275@example.com,F,Estados Unidos,2024-05-30
5dfe6ebc-9323-43e2-b469-0deb5daca26f,Sofía Pérez,sofia.perez.276@mail.com,F,Chile,2025-03-31
5abd1863-512b-456f-a30a-f5a2cf458a38,Carlos Sánchez,carlos.sanchez.277@correo.com,F,México,2025-03-26
554c8916-8ade-48bb-b83f-e1f3b9d0f6b1,Javier Rodríguez,javier.rodriguez.278@mail.com,F,Estados Unidos,2025-05-19
ff65c3fe-8e67-4171-bc2f-17e5afc39cf0,Sofía García,sofia.garcia.279@example.com,M,México,2025-06-13
cab8df30-f0f4-4bca-91f3-b8ce52549dfa,Valentina García,valentina.garcia.280@mail.com,M,Chile,2024-10-26
890761bb-7039-4052-bb88-2d946eb03f3d,Diego Hernández,diego.hernandez.281@mail.com,M,México,2023-09-09
8cd87310-041a-4d97-a023-65348a87678e,Daniel Ramírez,daniel.ramirez.282@example.com,M,Estados Unidos,2023-01-03
cd97df5a-b52f-4526-b5d4-079660cc961f,Ana Hernández,ana.hernandez.283@mail.com,F,Perú,2024-05-31
ec20498e-11b5-4231-80b5-1374e86febce,Carlos Martínez,carlos.martinez.284@correo.com,F,Chile,2023-06-11
25923535-8103-4362-aea4-3645013474a7,María Pérez,maria.perez.285@example.com,F,Estados Unidos,2024-04-13
ef0fe889-6d50-462c-8ba0-30dadd9a1c82,Carlos García,carlos.garcia.286@example.com,M,Chile,2023-09-14
ac7cdc13-c3be-4d41-85b5-85cf265ef940,Camila Vargas,camila.vargas.287@example.com,F,Colombia,2023-12-18
78281cb7-b932-43c3-95e4-dbbfb90ba880,José Vargas,jose.vargas.288@mail.com,F,Chile,2024-03-03
25c86702-48af-4f29-9668-ec5fedf37303,María Vargas,maria.vargas.289@example.com,M,Costa Rica,2024-05-30
2a8963c3-7c05-4039-8a70-c4a623c3a54e,Paula Torres,paula.torres.290@example.com,M,Estados Unidos,2023-02-27
3dbcdf82-a30c-4bd7-be09-1d26b83a2eaa,Sofía López,sofia.lopez.291@example.com,F,Costa Rica,2024-08-04
cc7e1882-8f75-43ad-9703-b5f7f62b7a54,Diego García,diego.garcia.292@example.com,M,Colombia,2024-12-10
d74ccae6-6edc-4a6f-bf33-0eebe311ef56,José Vargas,jose.vargas.293@example.com,M,México,2023-04-10
c07c45a1-b205-46b0-aa3b-f2ea40314367,Laura Vargas,laura.vargas.294@correo.com,F,Chile,2025-01-19
d669a2bd-5c98-48ef-bee5-6a3c4117df59,Andrés Vargas,andres.vargas.295@example.com,M,México,2024-09-08
7daa7487-3634-4295-9b20-46d9985127d2,José Torres,jose.torres.296@correo.com,M,Costa Rica,2024-03-16
acad92a7-92f6-4a73-91e6-0051c8f46781,Andrés López,andres.lopez.297@mail.com,F,Costa Rica,2023-06-01
8f9b62f1-8430-47ec-b80d-dbce47cd923c,José Sánchez,jose.sanchez.298@mail.com,M,Colombia,2023-08-16
50144b1a-0220-48ee-b748-dca29145e180,Andrés Hernández,andres.hernandez.299@example.com,M,Chile,2024-09-20
c972287f-1858-49ae-83ca-2ea5a6ab3d5f,Ana Pérez,ana.perez.300@correo.com,M,Chile,2025-03-15
1e583c53-8fde-41b7-97f6-1a768c253ed4,Sofía Vargas,sofia.vargas.301@correo.com,F,Estados Unidos,2024-05-26
65084aa1-83f0-4755-bb15-f4719da68e06,Paula González,paula.gonzalez.302@mail.com,M,Estados Unidos,2023-01-28
13dccb1a-4c54-4133-88d3-26bcc90faad2,Valentina López,valentina.lopez.303@correo.com,M,México,2024-10-11
753a3929-e6ba-4d9a-a35f-e58f6340c2ab,José Pérez,jose.perez.304@correo.com,M,Perú,2023-04-30
3232c0d5-8184-42c1-9853-b0f2ae5324da,Lucía Ramírez,lucia.ramirez.305@example.com,F,Costa Rica,2023-05-02
f06a1507-e828-4213-8665-80b7b86c4757,Camila Ramírez,camila.ramirez.306@example.com,M,Perú,2023-11-11
36dee3ea-6338-47bb-8db7-ad777fe86f2e,Camila Vargas,camila.vargas.307@correo.com,F,Colombia,2025-05-25
5da2f1c8-c00d-4a57-a111-62c4a679cc1e,María Ramírez,maria.ramirez.308@mail.com,M,Colombia,2023-12-13
c8a847a4-2a53-4370-bacb-2d8280e5f941,Luis García,luis.garcia.309@mail.com,F,Estados Unidos,2025-03-01
e09b53ca-12cb-4994-8363-ce7eb52325c8,Diego Vargas,diego.vargas.310@mail.com,F,México,2025-06-02
a32fc7a0-4ed5-4f98-9774-74af8b722879,Sofía Sánchez,sofia.sanchez.311@correo.com,M,Colombia,2024-11-01
a80ce3aa-1ce2-4d44-8daa-3aa07e209b53,Camila Sánchez,camila.sanchez.312@mail.com,F,México,2024-10-27
8b6002ba-c648-4c68-ba66-6c549857464b,Camila Flores,camila.flores.313@correo.com,M,México,2025-01-04
df1d9606-9122-4274-8aa9-80287f48b836,Diego Flores,diego.flores.314@mail.com,F,México,2025-05-03
97f0e2fc-adee-4425-ad02-f1b45f599f58,Paula Vargas,paula.vargas.315@mail.com,F,Chile,2025-05-14
3001ff18-7749-4035-bb73-82531f10874c,Luis Vargas,luis.vargas.316@correo.com,F,Estados Unidos,2024-10-01
e27ce640-e23f-4a11-a6d1-d8d13c4117ed,Paula Flores,paula.flores.317@correo.com,F,Estados Unidos,2024-12-13
3b8168d5-01eb-4423-9422-290b9769e7e0,Valentina Pérez,valentina.perez.318@correo.com,M,Estados Unidos,2024-11-16
dc27d6b9-6afd-490b-80a8-a7135510b480,Laura García,laura.garcia.319@mail.com,M,Costa Rica,2023-01-22
7af9060f-9985-48ec-b082-ea5605e8fa99,Alejandro Hernández,alejandro.hernandez.320@mail.com,M,México,2025-06-19
f481ac91-cf47-4149-a312-dac82481b62a,Andrés Torres,andres.torres.321@example.com,M,Estados Unidos,2024-07-12
36a80975-f36f-4aa9-8c38-da02b1e4675c,Alejandro Rodríguez,alejandro.rodriguez.322@correo.com,F,Chile,2023-03-27
bec6a59b-bb77-45a1-a021-03c051befbb4,Daniel González,daniel.gonzalez.323@correo.com,F,Estados Unidos,2023-03-18
d9937c43-8229-4d6e-bf73-f6a1828306a9,Valentina Rodríguez,valentina.rodriguez.324@correo.com,M,Colombia,2024-06-20
d453c761-ce14-47af-bac1-1a43a6dadd4e,Laura López,laura.lopez.325@correo.com,F,Costa Rica,2024-01-22
cc6df09c-e6d1-4dd7-a5cd-69725295ba81,Andrés Ramírez,andres.ramirez.326@example.com,F,Costa Rica,2023-01-01
6b5ff6a1-40ab-4ae9-8a6c-22f06fa0f83b,Lucía Sánchez,lucia.sanchez.327@mail.com,M,Costa Rica,2024-06-20
da726e69-7c48-442a-951e-76babad1cd10,Valentina Flores,valentina.flores.328@correo.com,F,Colombia,2025-06-22
3d2c07d0-73fa-40b6-9f89-fd65d311fb2c,Sofía Torres,sofia.torres.329@example.com,M,Costa Rica,2024-01-27
3fa722c2-d135-4794-993e-1f8736a97fef,Ana Hernández,ana.hernandez.330@mail.com,M,Colombia,2023-02-19
40206e90-244e-47ee-aa02-0eef2c5586b1,Sofía Pérez,sofia.perez.331@example.com,M,Perú,2025-04-07
2c0eb3af-3a2d-474a-b254-f5c8d22a4daf,Andrés Torres,andres.torres.332@correo.com,M,Perú,2025-02-06
6184f7db-b12c-4cf6-9a89-bc6ce68850a0,Lucía Vargas,lucia.vargas.333@mail.com,F,México,2025-01-02
bf64a0f4-0b80-4d5c-8ce1-afd7c088398e,Javier López,javier.lopez.334@mail.com,M,Chile,2025-02-24
59059d6b-a3be-4a4f-9672-2043257d4d71,Luis Hernández,luis.hernandez.335@example.com,F,Costa Rica,2023-07-31
6d22c1a5-15e8-404f-97ee-bdb6a26d37da,Alejandro Vargas,alejandro.vargas.336@correo.com,F,Colombia,2025-02-14
2246c57a-5880-4905-a325-5df362c804ee,María Martínez,maria.martinez.337@mail.com,M,Chile,2024-01-31
f4b3308d-4812-485f-8d27-506fa487cb39,Valentina Flores,valentina.flores.338@mail.com,M,Estados Unidos,2023-04-12
0a59d3cc-1dca-4d90-8dbc-7cb2d8086586,María González,maria.gonzalez.339@correo.com,F,Estados Unidos,2025-05-13
b98041f4-93de-4778-8757-936497c2bbe5,María Vargas,maria.vargas.340@example.com,M,México,2025-01-09
5c198e4e-7553-4e96-891a-2216e1c72d1c,Lucía Pérez,lucia.perez.341@example.com,M,Costa Rica,2023-05-19
c8bfaec4-6a39-40bb-ae28-c177f175d476,Daniel Hernández,daniel.hernandez.342@mail.com,M,México,2023-03-28
c4c1fa89-da6f-4a8e-adde-3cb113823d7c,Lucía Hernández,lucia.hernandez.343@mail.com,M,Colombia,2025-02-07
cb9535b6-247e-4889-b84d-d937599eff75,Alejandro Hernández,alejandro.hernandez.344@correo.com,F,Chile,2023-12-20
702d6155-6822-4e1d-8ada-736d372c9008,María Torres,maria.torres.345@example.com,F,Costa Rica,2025-02-14
03e3dd71-f861-470c-968c-f1552afc977e,Paula Flores,paula.flores.346@mail.com,M,Colombia,2024-09-28
14e29c3b-1560-47df-896a-1a87203554fe,Lucía García,lucia.garcia.347@correo.com,M,Estados Unidos,2023-04-14
06b5b778-4c1b-47db-9759-fe8742026133,Ana Martínez,ana.martinez.348@mail.com,F,México,2024-11-06
2a518911-9bbe-40d9-b65c-0848e5683e8c,Ana Sánchez,ana.sanchez.349@mail.com,M,Perú,2024-05-01
12cbd2ee-b25a-4b24-9c9f-e7f61f97f344,Ana Ramírez,ana.ramirez.350@example.com,M,Perú,2024-07-21
0954a8fd-1425-4bc2-9daa-1d8470a71d6d,Ana Hernández,ana.hernandez.351@correo.com,M,Chile,2023-05-27
e964d3ca-11d5-4d69-9179-cdeea60cb401,María Rodríguez,maria.rodriguez.352@correo.com,M,Colombia,2024-05-28
c8c0ab4a-9302-46c8-b0e7-3831d0c34a4c,Laura Sánchez,laura.sanchez.353@correo.com,F,Perú,2025-04-30
8e0ed85d-18c1-4bbe-9575-b6de43bd857a,Valentina Sánchez,valentina.sanchez.354@correo.com,M,México,2024-03-31
5825b7c8-665f-4dec-8d5d-c97c48df2eb2,Paula Sánchez,paula.sanchez.355@example.com,M,México,2024-10-05
9474ccf1-a1f2-4922-a8d0-58962f431f1c,Valentina Hernández,valentina.hernandez.356@correo.com,F,México,2024-01-31
45b13541-dd4e-4298-8588-95e3f635e03a,Sofía Ramírez,sofia.ramirez.357@mail.com,M,Perú,2023-10-02
c0c2725b-abfe-4b2c-ad81-e33a6c1ffd0b,Luis Hernández,luis.hernandez.358@mail.com,M,Estados Unidos,2023-12-25
53495f8d-5dc8-4341-8029-7df85d01c8a7,Javier González,javier.gonzalez.359@mail.com,M,Costa Rica,2025-02-27
fbda6bb7-664a-4939-a364-c8c0dcec99ff,Diego Vargas,diego.vargas.360@correo.com,F,Estados Unidos,2023-12-17
4aa2526a-c322-4122-8fc6-58e6afd0d337,Lucía Flores,lucia.flores.361@example.com,F,Colombia,2023-01-09
5bb71bd2-ccc5-4f02-af1f-5a61f1069392,Sofía Rodríguez,sofia.rodriguez.362@correo.com,M,Chile,2024-04-14
dbf8a519-7598-4671-a15b-7b8326542e1d,Javier Flores,javier.flores.363@correo.com,M,Costa Rica,2023-03-13
016f5678-2e9c-471d-b597-35c43d2d84a3,Valentina Rodríguez,valentina.rodriguez.364@example.com,F,Estados Unidos,2025-01-28
a52072b0-f576-4d24-b774-e1087982e884,Daniel González,daniel.gonzalez.365@correo.com,M,México,2024-06-26
f6fb9e1a-de25-433c-a039-1cbb4f4cac4d,José Vargas,jose.vargas.366@example.com,M,México,2023-11-07
cea6e148-93d2-4b99-86f7-b001b4d0dfaf,María Torres,maria.torres.367@mail.com,F,Chile,2024-08-08
82835ca4-22ee-4278-b994-58be43b26147,Lucía García,lucia.garcia.368@correo.com,M,Costa Rica,2024-08-02
01a44f61-63d6-459a-8387-fc5d91f33749,José Hernández,jose.hernandez.369@mail.com,F,Perú,2024-03-09
cb56c9bd-e5c9-41c6-840a-ce1a97acee28,Luis García,luis.garcia.370@correo.com,M,Colombia,2025-05-13
bde86090-f1c5-47d3-a085-89c11ad5bf44,José González,jose.gonzalez.371@mail.com,F,Chile,2025-02-15
34bc509c-dbd4-4e9e-91ec-18eaddf8dd21,Carlos Hernández,carlos.hernandez.372@example.com,F,Costa Rica,2024-02-24
cf1e6275-9dd0-4222-b1ad-4778bf2764f1,Javier Hernández,javier.hernandez.373@example.com,F,Chile,2024-10-29
69138cc7-48cc-4eeb-9b2b-4474984e4048,María Pérez,maria.perez.374@example.com,F,México,2023-11-18
078e9e75-18ce-44cd-a257-5df5894f265f,Daniel González,daniel.gonzalez.375@correo.com,M,Costa Rica,2024-09-09
a6b4b461-7f54-43d7-a253-0de2879f56f8,Carlos Torres,carlos.torres.376@example.com,F,Colombia,2023-12-08
e87f8a3b-7fbe-4401-aea9-7c76805a03ca,Valentina López,valentina.lopez.377@example.com,F,Costa Rica,2024-08-04
fa6f55c5-a6b3-4db4-8251-b820d2156ee0,Alejandro Vargas,alejandro.vargas.378@example.com,F,México,2025-05-11
946542c3-876f-4733-8ef6-598496d5056e,Camila López,camila.lopez.379@correo.com,M,Estados Unidos,2024-11-28
1d8241dd-fe33-43ea-bdd8-ef0e5a114651,María García,maria.garcia.380@example.com,M,Estados Unidos,2023-12-15
cf1cac08-418e-4d00-9a56-13690dc6b6d1,Paula García,paula.garcia.381@mail.com,M,Costa Rica,2023-02-06
dd8574cc-7534-4735-85c4-9f747d7d2b9c,Paula Rodríguez,paula.rodriguez.382@example.com,F,Estados Unidos,2023-03-15
b5dfde15-e5ec-4480-b862-5ed51bb65bf7,Javier Torres,javier.torres.383@correo.com,F,Colombia,2023-08-22
20924f8a-d6fd-42c4-a0cb-d49444d86943,Carlos Sánchez,carlos.sanchez.384@example.com,M,Estados Unidos,2023-11-24
3654244d-145a-40e5-824b-0f3840cbb599,María Sánchez,maria.sanchez.385@mail.com,F,México,2025-05-01
67a0da69-13e1-42a4-824f-ffddd2647438,Carlos Ramírez,carlos.ramirez.386@correo.com,F,Perú,2025-05-31
2efe6441-639e-4aec-b7ca-b0dd74a16ebf,Sofía Pérez,sofia.perez.387@mail.com,M,Costa Rica,2023-01-24
ed5e228f-b52d-4a48-8832-8afebb80781f,Ana Flores,ana.flores.388@example.com,F,Chile,2024-04-22
ecce1d01-7f0a-4928-9350-3daa681be65c,Luis González,luis.gonzalez.389@example.com,F,Colombia,2024-03-20
12444d07-701a-430b-b75f-c70e50798ddd,Luis Sánchez,luis.sanchez.390@mail.com,M,Colombia,2024-12-06
b2efaf62-2a70-4b13-b9c5-b2b27758db8b,Luis Ramírez,luis.ramirez.391@correo.com,M,Chile,2023-01-08
2bb10a6b-c190-46c9-862a-21d7630d9bac,Luis Ramírez,luis.ramirez.392@example.com,F,México,2024-01-17
ad45270a-3d96-4795-a1ca-6138b9a890b5,Diego Hernández,diego.hernandez.393@correo.com,F,Colombia,2023-02-07
37ee2646-cbb0-429f-8427-8a6b0a0d6ee0,Lucía García,lucia.garcia.394@mail.com,F,Perú,2024-03-24
f1cfda39-4525-4a92-a079-2e0dea3b1cd1,Luis González,luis.gonzalez.395@example.com,F,Colombia,2023-12-09
1a16e32d-59be-4974-ad5a-6076801bf49b,Javier Flores,javier.flores.396@correo.com,F,Estados Unidos,2023-01-25
713104ac-488c-4a72-93b4-f6abbe3ccfd7,Andrés Hernández,andres.hernandez.397@mail.com,M,Estados Unidos,2024-06-21
b225a31a-78d9-423f-b4fb-b49623bf0fc6,Valentina Vargas,valentina.vargas.398@example.com,M,Costa Rica,2023-10-22
6d205c14-9c49-47ac-b9b0-ff0b03510f77,Carlos Flores,carlos.flores.399@example.com,M,Estados Unidos,2023-12-30
