sku,nombre,categoria,precio_usd,precio_crc,codigo_alt,codigo_mongo,sku_owner
SKU00001,Producto 1,MODA,330.14,178275,A0001,M00001,solapado
SKU00002,Producto 2,JUGUETES,36.31,19607,A0002,M00002,solapado
SKU00003,Producto 3,DEPORTE,396.42,214066,A0003,M00003,solapado
SKU00004,Producto 4,ALIMENTOS,183.96,99338,A0004,M00004,solapado
SKU00005,Producto 5,DEPORTE,286.5,154710,A0005,M00005,solapado
SKU00006,Producto 6,LIBROS,468.71,253103,A0006,M00006,solapado
SKU00007,Producto 7,TECNOLOGIA,187.3,101142,A0007,M00007,solapado
SKU00008,Producto 8,JUGUETES,488.79,263946,A0008,M00008,solapado
SKU00009,Producto 9,DEPORTE,40.65,21951,A0009,M00009,solapado
SKU00010,Producto 10,BELLEZA,168.32,90892,A0010,M00010,solapado
SKU00011,Producto 11,DEPORTE,13.37,7219,A0011,M00011,solapado
SKU00012,Producto 12,TECNOLOGIA,290.23,156724,A0012,M00012,solapado
SKU00013,Producto 13,JUGUETES,298.25,161055,A0013,M00013,solapado
SKU00014,Producto 14,HOGAR,297.51,160655,A0014,M00014,solapado
SKU00015,Producto 15,MODA,275.83,148948,A0015,M00015,solapado
SKU00016,Producto 16,BELLEZA,403.4,217836,A0016,M00016,solapado
SKU00017,Producto 17,ALIMENTOS,241.19,130242,A0017,M00017,solapado
SKU00018,Producto 18,ALIMENTOS,406.55,219537,A0018,M00018,solapado
SKU00019,Producto 19,ALIMENTOS,130.54,70491,A0019,M00019,solapado
SKU00020,Producto 20,JUGUETES,488.32,263692,A0020,M00020,solapado
SKU00021,Producto 21,ALIMENTOS,40.2,21708,A0021,M00021,solapado
SKU00022,Producto 22,MODA,52.57,28387,A0022,M00022,solapado
SKU00023,Producto 23,TECNOLOGIA,79.09,42708,A0023,M00023,solapado
SKU00024,Producto 24,TECNOLOGIA,470.7,254178,A0024,M00024,solapado
SKU00025,Producto 25,HOGAR,377.19,203682,A0025,M00025,solapado
SKU00026,Producto 26,JUGUETES,453.44,244857,A0026,M00026,solapado
SKU00027,Producto 27,JUGUETES,234.06,126392,A0027,M00027,solapado
SKU00028,Producto 28,MODA,205.96,111218,A0028,M00028,solapado
SKU00029,Producto 29,MODA,111.73,60334,A0029,M00029,solapado
SKU00030,Producto 30,LIBROS,216.05,116667,A0030,M00030,solapado
SKU00031,Producto 31,MODA,119.51,64535,A0031,M00031,solapado
SKU00032,Producto 32,LIBROS,70.27,37945,A0032,M00032,solapado
SKU00033,Producto 33,JUGUETES,339.1,183114,A0033,M00033,solapado
SKU00034,Producto 34,ALIMENTOS,232.89,125760,A0034,M00034,solapado
SKU00035,Producto 35,BELLEZA,349.25,188595,A0035,M00035,solapado
SKU00036,Producto 36,MODA,326.13,176110,A0036,M00036,solapado
SKU00037,Producto 37,JUGUETES,179.45,96903,A0037,M00037,solapado
SKU00038,Producto 38,HOGAR,470.65,254151,A0038,M00038,solapado
SKU00039,Producto 39,DEPORTE,105.49,56964,A0039,M00039,solapado
SKU00040,Producto 40,TECNOLOGIA,316.83,171088,A0040,M00040,solapado
SKU00041,Producto 41,JUGUETES,167.76,90590,A0041,M00041,solapado
SKU00042,Producto 42,HOGAR,20.28,10951,A0042,M00042,solapado
SKU00043,Producto 43,BELLEZA,94.94,51267,A0043,M00043,solapado
SKU00044,Producto 44,TECNOLOGIA,76.64,41385,A0044,M00044,solapado
SKU00045,Producto 45,LIBROS,64.92,35056,A0045,M00045,solapado
SKU00046,Producto 46,TECNOLOGIA,179.23,96784,A0046,M00046,solapado
SKU00047,Producto 47,ALIMENTOS,388.42,209746,A0047,M00047,solapado
SKU00048,Producto 48,MODA,404.74,218559,A0048,M00048,solapado
SKU00049,Producto 49,DEPORTE,496.63,268180,A0049,M00049,solapado
SKU00050,Producto 50,MODA,400.77,216415,A0050,M00050,solapado
SKU00051,Producto 51,DEPORTE,242.57,130987,A0051,M00051,solapado
SKU00052,Producto 52,ALIMENTOS,5.59,3018,A0052,M00052,solapado
SKU00053,Producto 53,JUGUETES,484.24,261489,A0053,M00053,solapado
SKU00054,Producto 54,MODA,200.84,108453,A0054,M00054,solapado
SKU00055,Producto 55,DEPORTE,274.65,148311,A0055,M00055,solapado
SKU00056,Producto 56,JUGUETES,250.72,135388,A0056,M00056,solapado
SKU00057,Producto 57,DEPORTE,288.34,155703,A0057,M00057,solapado
SKU00058,Producto 58,MODA,462.06,249512,A0058,M00058,solapado
SKU00059,Producto 59,TECNOLOGIA,212.8,114912,A0059,M00059,solapado
SKU00060,Producto 60,HOGAR,195.9,105786,A0060,M00060,solapado
SKU00061,Producto 61,BELLEZA,216.18,116737,A0061,M00061,solapado
SKU00062,Producto 62,ALIMENTOS,132.18,71377,A0062,M00062,solapado
SKU00063,Producto 63,BELLEZA,21.35,11529,A0063,M00063,solapado
SKU00064,Producto 64,JUGUETES,125.91,67991,A0064,M00064,solapado
SKU00065,Producto 65,BELLEZA,351.02,189550,A0065,M00065,solapado
SKU00066,Producto 66,MODA,103.59,55938,A0066,M00066,solapado
SKU00067,Producto 67,JUGUETES,487.65,263331,A0067,M00067,solapado
SKU00068,Producto 68,JUGUETES,310.15,167481,A0068,M00068,solapado
SKU00069,Producto 69,MODA,223.48,120679,A0069,M00069,solapado
SKU00070,Producto 70,TECNOLOGIA,441.95,238653,A0070,M00070,solapado
SKU00071,Producto 71,BELLEZA,72.99,39414,A0071,M00071,solapado
SKU00072,Producto 72,JUGUETES,115.26,62240,A0072,M00072,solapado
SKU00073,Producto 73,HOGAR,29.52,15940,A0073,M00073,solapado
SKU00074,Producto 74,BELLEZA,298.81,161357,A0074,M00074,solapado
SKU00075,Producto 75,ALIMENTOS,93.73,50614,A0075,M00075,solapado
SKU00076,Producto 76,BELLEZA,59.51,32135,A0076,M00076,solapado
SKU00077,Producto 77,LIBROS,234.02,126370,A0077,M00077,solapado
SKU00078,Producto 78,HOGAR,216.15,116721,A0078,M00078,solapado
SKU00079,Producto 79,HOGAR,493.79,266646,A0079,M00079,solapado
SKU00080,Producto 80,BELLEZA,308.97,166843,A0080,M00080,solapado
SKU00081,Producto 81,BELLEZA,307.8,166212,A0081,M00081,solapado
SKU00082,Producto 82,BELLEZA,461.69,249312,A0082,M00082,solapado
SKU00083,Producto 83,JUGUETES,330.44,178437,A0083,M00083,solapado
SKU00084,Producto 84,HOGAR,152.78,82501,A0084,M00084,solapado
SKU00085,Producto 85,BELLEZA,378.09,204168,A0085,M00085,solapado
SKU00086,Producto 86,DEPORTE,373.94,201927,A0086,M00086,solapado
SKU00087,Producto 87,DEPORTE,355.97,192223,A0087,M00087,solapado
SKU00088,Producto 88,TECNOLOGIA,396.9,214326,A0088,M00088,solapado
SKU00089,Producto 89,DEPORTE,307.93,166282,A0089,M00089,solapado
SKU00090,Producto 90,JUGUETES,286.85,154899,A0090,M00090,solapado
SKU00091,Producto 91,HOGAR,377.73,203974,A0091,M00091,solapado
SKU00092,Producto 92,HOGAR,417.72,225568,A0092,M00092,solapado
SKU00093,Producto 93,DEPORTE,141.52,76420,A0093,M00093,solapado
SKU00094,Producto 94,MODA,146.12,78904,A0094,M00094,solapado
SKU00095,Producto 95,DEPORTE,439.15,237141,A0095,M00095,solapado
SKU00096,Producto 96,DEPORTE,13.5,7290,A0096,M00096,solapado
SKU00097,Producto 97,LIBROS,77.32,41752,A0097,M00097,solapado
SKU00098,Producto 98,ALIMENTOS,298.69,161292,A0098,M00098,solapado
SKU00099,Producto 99,JUGUETES,68.51,36995,A0099,M00099,solapado
SKU00100,Producto 100,MODA,363.16,196106,A0100,M00100,solapado
SKU00101,Producto 101,HOGAR,494.22,266878,A0101,M00101,sin_asignar
SKU00102,Producto 102,DEPORTE,54.38,29365,A0102,M00102,sin_asignar
SKU00103,Producto 103,LIBROS,56.29,30396,A0103,M00103,sin_asignar
SKU00104,Producto 104,ALIMENTOS,498.86,269384,A0104,M00104,sin_asignar
SKU00105,Producto 105,MODA,68.9,37206,A0105,M00105,sin_asignar
SKU00106,Producto 106,LIBROS,62.0,33480,A0106,M00106,sin_asignar
SKU00107,Producto 107,MODA,382.03,206296,A0107,M00107,sin_asignar
SKU00108,Producto 108,MODA,166.78,90061,A0108,M00108,sin_asignar
SKU00109,Producto 109,BELLEZA,100.39,54210,A0109,M00109,sin_asignar
SKU00110,Producto 110,JUGUETES,188.42,101746,A0110,M00110,sin_asignar
SKU00111,Producto 111,MODA,401.17,216631,A0111,M00111,sin_asignar
SKU00112,Producto 112,LIBROS,430.28,232351,A0112,M00112,sin_asignar
SKU00113,Producto 113,LIBROS,23.46,12668,A0113,M00113,sin_asignar
SKU00114,Producto 114,ALIMENTOS,26.24,14169,A0114,M00114,sin_asignar
SKU00115,Producto 115,DEPORTE,285.51,154175,A0115,M00115,sin_asignar
SKU00116,Producto 116,DEPORTE,193.84,104673,A0116,M00116,sin_asignar
SKU00117,Producto 117,TECNOLOGIA,78.45,42363,A0117,M00117,sin_asignar
SKU00118,Producto 118,HOGAR,285.45,154143,A0118,M00118,sin_asignar
SKU00119,Producto 119,ALIMENTOS,75.01,40505,A0119,M00119,sin_asignar
SKU00120,Producto 120,BELLEZA,57.78,31201,A0120,M00120,sin_asignar
SKU00121,Producto 121,TECNOLOGIA,106.0,57240,A0121,M00121,sin_asignar
SKU00122,Producto 122,MODA,169.99,91794,A0122,M00122,sin_asignar
SKU00123,Producto 123,JUGUETES,432.84,233733,A0123,M00123,sin_asignar
SKU00124,Producto 124,JUGUETES,99.21,53573,A0124,M00124,sin_asignar
SKU00125,Producto 125,BELLEZA,315.86,170564,A0125,M00125,sin_asignar
SKU00126,Producto 126,MODA,482.1,260334,A0126,M00126,sin_asignar
SKU00127,Producto 127,JUGUETES,485.57,262207,A0127,M00127,sin_asignar
SKU00128,Producto 128,TECNOLOGIA,461.74,249339,A0128,M00128,sin_asignar
SKU00129,Producto 129,HOGAR,472.47,255133,A0129,M00129,sin_asignar
SKU00130,Producto 130,DEPORTE,354.38,191365,A0130,M00130,sin_asignar
SKU00131,Producto 131,DEPORTE,98.63,53260,A0131,M00131,sin_asignar
SKU00132,Producto 132,BELLEZA,201.29,108696,A0132,M00132,sin_asignar
SKU00133,Producto 133,HOGAR,46.9,25326,A0133,M00133,sin_asignar
SKU00134,Producto 134,HOGAR,467.6,252504,A0134,M00134,sin_asignar
SKU00135,Producto 135,BELLEZA,28.79,15546,A0135,M00135,sin_asignar
SKU00136,Producto 136,HOGAR,151.83,81988,A0136,M00136,sin_asignar
SKU00137,Producto 137,LIBROS,99.29,53616,A0137,M00137,sin_asignar
SKU00138,Producto 138,JUGUETES,83.0,44820,A0138,M00138,sin_asignar
SKU00139,Producto 139,LIBROS,21.58,11653,A0139,M00139,sin_asignar
SKU00140,Producto 140,HOGAR,101.48,54799,A0140,M00140,sin_asignar
SKU00141,Producto 141,MODA,149.91,80951,A0141,M00141,sin_asignar
SKU00142,Producto 142,DEPORTE,206.26,111380,A0142,M00142,sin_asignar
SKU00143,Producto 143,TECNOLOGIA,14.26,7700,A0143,M00143,sin_asignar
SKU00144,Producto 144,HOGAR,333.33,179998,A0144,M00144,sin_asignar
SKU00145,Producto 145,JUGUETES,254.7,137538,A0145,M00145,sin_asignar
SKU00146,Producto 146,JUGUETES,391.81,211577,A0146,M00146,sin_asignar
SKU00147,Producto 147,ALIMENTOS,21.17,11431,A0147,M00147,sin_asignar
SKU00148,Producto 148,BELLEZA,356.82,192682,A0148,M00148,sin_asignar
SKU00149,Producto 149,LIBROS,286.7,154818,A0149,M00149,sin_asignar
SKU00150,Producto 150,DEPORTE,193.81,104657,A0150,M00150,sin_asignar
SKU00151,Producto 151,ALIMENTOS,80.73,43594,A0151,M00151,sin_asignar
SKU00152,Producto 152,TECNOLOGIA,325.08,175543,A0152,M00152,sin_asignar
SKU00153,Producto 153,MODA,221.89,119820,A0153,M00153,sin_asignar
SKU00154,Producto 154,DEPORTE,36.88,19915,A0154,M00154,sin_asignar
SKU00155,Producto 155,DEPORTE,98.22,53038,A0155,M00155,sin_asignar
SKU00156,Producto 156,ALIMENTOS,154.54,83451,A0156,M00156,sin_asignar
SKU00157,Producto 157,BELLEZA,33.93,18322,A0157,M00157,sin_asignar
SKU00158,Producto 158,HOGAR,270.6,146124,A0158,M00158,sin_asignar
SKU00159,Producto 159,BELLEZA,473.89,255900,A0159,M00159,sin_asignar
SKU00160,Producto 160,LIBROS,85.18,45997,A0160,M00160,sin_asignar
SKU00161,Producto 161,DEPORTE,213.95,115533,A0161,M00161,sin_asignar
SKU00162,Producto 162,BELLEZA,94.68,51127,A0162,M00162,sin_asignar
SKU00163,Producto 163,BELLEZA,366.27,197785,A0163,M00163,sin_asignar
SKU00164,Producto 164,LIBROS,103.49,55884,A0164,M00164,sin_asignar
SKU00165,Producto 165,LIBROS,262.56,141782,A0165,M00165,sin_asignar
SKU00166,Producto 166,LIBROS,313.69,169392,A0166,M00166,sin_asignar
SKU00167,Producto 167,HOGAR,9.61,5189,A0167,M00167,sin_asignar
SKU00168,Producto 168,ALIMENTOS,71.55,38637,A0168,M00168,sin_asignar
SKU00169,Producto 169,JUGUETES,288.94,156027,A0169,M00169,sin_asignar
SKU00170,Producto 170,TECNOLOGIA,111.69,60312,A0170,M00170,sin_asignar
SKU00171,Producto 171,ALIMENTOS,118.71,64103,A0171,M00171,sin_asignar
SKU00172,Producto 172,HOGAR,102.65,55431,A0172,M00172,sin_asignar
SKU00173,Producto 173,JUGUETES,236.88,127915,A0173,M00173,sin_asignar
SKU00174,Producto 174,TECNOLOGIA,368.36,198914,A0174,M00174,sin_asignar
SKU00175,Producto 175,TECNOLOGIA,336.81,181877,A0175,M00175,sin_asignar
SKU00176,Producto 176,JUGUETES,392.74,212079,A0176,M00176,sin_asignar
SKU00177,Producto 177,BELLEZA,466.74,252039,A0177,M00177,sin_asignar
SKU00178,Producto 178,ALIMENTOS,221.58,119653,A0178,M00178,sin_asignar
SKU00179,Producto 179,JUGUETES,75.29,40656,A0179,M00179,sin_asignar
SKU00180,Producto 180,MODA,306.79,165666,A0180,M00180,sin_asignar
SKU00181,Producto 181,BELLEZA,376.7,203418,A0181,M00181,sin_asignar
SKU00182,Producto 182,BELLEZA,128.32,69292,A0182,M00182,sin_asignar
SKU00183,Producto 183,ALIMENTOS,90.91,49091,A0183,M00183,sin_asignar
SKU00184,Producto 184,BELLEZA,109.25,58995,A0184,M00184,sin_asignar
SKU00185,Producto 185,TECNOLOGIA,471.07,254377,A0185,M00185,sin_asignar
SKU00186,Producto 186,LIBROS,455.57,246007,A0186,M00186,sin_asignar
SKU00187,Producto 187,DEPORTE,408.95,220833,A0187,M00187,sin_asignar
SKU00188,Producto 188,LIBROS,121.32,65512,A0188,M00188,sin_asignar
SKU00189,Producto 189,HOGAR,139.07,75097,A0189,M00189,sin_asignar
SKU00190,Producto 190,LIBROS,28.1,15174,A0190,M00190,sin_asignar
SKU00191,Producto 191,DEPORTE,231.93,125242,A0191,M00191,sin_asignar
SKU00192,Producto 192,ALIMENTOS,49.98,26989,A0192,M00192,sin_asignar
SKU00193,Producto 193,LIBROS,479.02,258670,A0193,M00193,sin_asignar
SKU00194,Producto 194,LIBROS,149.87,80929,A0194,M00194,sin_asignar
SKU00195,Producto 195,BELLEZA,33.95,18333,A0195,M00195,sin_asignar
SKU00196,Producto 196,JUGUETES,458.56,247622,A0196,M00196,sin_asignar
SKU00197,Producto 197,DEPORTE,331.97,179263,A0197,M00197,sin_asignar
SKU00198,Producto 198,MODA,366.18,197737,A0198,M00198,sin_asignar
SKU00199,Producto 199,TECNOLOGIA,416.69,225012,A0199,M00199,sin_asignar
SKU00200,Producto 200,MODA,322.89,174360,A0200,M00200,sin_asignar
SKU00201,Producto 201,MODA,163.95,88533,A0201,M00201,brian
SKU00202,Producto 202,DEPORTE,209.89,113340,A0202,M00202,brian
SKU00203,Producto 203,LIBROS,463.2,250128,A0203,M00203,brian
SKU00204,Producto 204,ALIMENTOS,196.23,105964,A0204,M00204,brian
SKU00205,Producto 205,HOGAR,270.73,146194,A0205,M00205,brian
SKU00206,Producto 206,MODA,81.27,43885,A0206,M00206,brian
SKU00207,Producto 207,MODA,316.32,170812,A0207,M00207,brian
SKU00208,Producto 208,BELLEZA,255.37,137899,A0208,M00208,brian
SKU00209,Producto 209,TECNOLOGIA,94.04,50781,A0209,M00209,brian
SKU00210,Producto 210,BELLEZA,301.4,162756,A0210,M00210,brian
SKU00211,Producto 211,BELLEZA,195.71,105683,A0211,M00211,brian
SKU00212,Producto 212,DEPORTE,357.74,193179,A0212,M00212,brian
SKU00213,Producto 213,LIBROS,473.84,255873,A0213,M00213,brian
SKU00214,Producto 214,MODA,128.31,69287,A0214,M00214,brian
SKU00215,Producto 215,HOGAR,228.43,123352,A0215,M00215,brian
SKU00216,Producto 216,TECNOLOGIA,398.24,215049,A0216,M00216,brian
SKU00217,Producto 217,TECNOLOGIA,69.35,37449,A0217,M00217,brian
SKU00218,Producto 218,TECNOLOGIA,489.77,264475,A0218,M00218,brian
SKU00219,Producto 219,TECNOLOGIA,267.8,144612,A0219,M00219,brian
SKU00220,Producto 220,ALIMENTOS,121.67,65701,A0220,M00220,brian
SKU00221,Producto 221,BELLEZA,491.35,265329,A0221,M00221,brian
SKU00222,Producto 222,JUGUETES,404.63,218500,A0222,M00222,brian
SKU00223,Producto 223,ALIMENTOS,336.46,181688,A0223,M00223,brian
SKU00224,Producto 224,TECNOLOGIA,229.94,124167,A0224,M00224,brian
SKU00225,Producto 225,ALIMENTOS,432.16,233366,A0225,M00225,brian
SKU00226,Producto 226,MODA,149.22,80578,A0226,M00226,brian
SKU00227,Producto 227,ALIMENTOS,399.98,215989,A0227,M00227,brian
SKU00228,Producto 228,HOGAR,301.14,162615,A0228,M00228,brian
SKU00229,Producto 229,BELLEZA,56.27,30385,A0229,M00229,brian
SKU00230,Producto 230,DEPORTE,348.75,188325,A0230,M00230,brian
SKU00231,Producto 231,LIBROS,301.1,162594,A0231,M00231,brian
SKU00232,Producto 232,TECNOLOGIA,249.53,134746,A0232,M00232,brian
SKU00233,Producto 233,LIBROS,91.87,49609,A0233,M00233,brian
SKU00234,Producto 234,MODA,472.95,255393,A0234,M00234,brian
SKU00235,Producto 235,DEPORTE,128.64,69465,A0235,M00235,brian
SKU00236,Producto 236,MODA,94.99,51294,A0236,M00236,brian
SKU00237,Producto 237,ALIMENTOS,183.55,99117,A0237,M00237,brian
SKU00238,Producto 238,DEPORTE,79.08,42703,A0238,M00238,brian
SKU00239,Producto 239,TECNOLOGIA,190.96,103118,A0239,M00239,brian
SKU00240,Producto 240,JUGUETES,341.17,184231,A0240,M00240,brian
SKU00241,Producto 241,DEPORTE,297.6,160704,A0241,M00241,brian
SKU00242,Producto 242,JUGUETES,425.75,229905,A0242,M00242,brian
SKU00243,Producto 243,HOGAR,454.84,245613,A0243,M00243,brian
SKU00244,Producto 244,ALIMENTOS,347.72,187768,A0244,M00244,brian
SKU00245,Producto 245,HOGAR,105.17,56791,A0245,M00245,brian
SKU00246,Producto 246,DEPORTE,150.74,81399,A0246,M00246,brian
SKU00247,Producto 247,MODA,439.22,237178,A0247,M00247,brian
SKU00248,Producto 248,ALIMENTOS,155.84,84153,A0248,M00248,brian
SKU00249,Producto 249,MODA,256.74,138639,A0249,M00249,brian
SKU00250,Producto 250,BELLEZA,10.81,5837,A0250,M00250,brian
SKU00251,Producto 251,MODA,15.3,8262,A0251,M00251,brian
SKU00252,Producto 252,LIBROS,10.11,5459,A0252,M00252,brian
SKU00253,Producto 253,BELLEZA,308.86,166784,A0253,M00253,brian
SKU00254,Producto 254,JUGUETES,384.15,207441,A0254,M00254,brian
SKU00255,Producto 255,BELLEZA,40.33,21778,A0255,M00255,brian
SKU00256,Producto 256,BELLEZA,98.79,53346,A0256,M00256,brian
SKU00257,Producto 257,MODA,250.93,135502,A0257,M00257,brian
SKU00258,Producto 258,LIBROS,201.64,108885,A0258,M00258,brian
SKU00259,Producto 259,HOGAR,84.18,45457,A0259,M00259,brian
SKU00260,Producto 260,BELLEZA,209.99,113394,A0260,M00260,brian
SKU00261,Producto 261,DEPORTE,96.57,52147,A0261,M00261,brian
SKU00262,Producto 262,MODA,239.71,129443,A0262,M00262,brian
SKU00263,Producto 263,LIBROS,84.21,45473,A0263,M00263,brian
SKU00264,Producto 264,BELLEZA,285.78,154321,A0264,M00264,brian
SKU00265,Producto 265,ALIMENTOS,212.09,114528,A0265,M00265,brian
SKU00266,Producto 266,JUGUETES,177.9,96066,A0266,M00266,brian
SKU00267,Producto 267,TECNOLOGIA,75.17,40591,A0267,M00267,brian
SKU00268,Producto 268,LIBROS,18.75,10125,A0268,M00268,brian
SKU00269,Producto 269,BELLEZA,288.49,155784,A0269,M00269,brian
SKU00270,Producto 270,LIBROS,79.7,43038,A0270,M00270,brian
SKU00271,Producto 271,DEPORTE,62.93,33982,A0271,M00271,brian
SKU00272,Producto 272,BELLEZA,462.41,249701,A0272,M00272,brian
SKU00273,Producto 273,JUGUETES,113.09,61068,A0273,M00273,brian
SKU00274,Producto 274,LIBROS,297.75,160785,A0274,M00274,brian
SKU00275,Producto 275,BELLEZA,379.94,205167,A0275,M00275,brian
SKU00276,Producto 276,JUGUETES,120.13,64870,A0276,M00276,brian
SKU00277,Producto 277,HOGAR,234.32,126532,A0277,M00277,brian
SKU00278,Producto 278,LIBROS,324.65,175311,A0278,M00278,brian
SKU00279,Producto 279,LIBROS,414.2,223668,A0279,M00279,brian
SKU00280,Producto 280,DEPORTE,333.72,180208,A0280,M00280,brian
SKU00281,Producto 281,LIBROS,26.16,14126,A0281,M00281,brian
SKU00282,Producto 282,JUGUETES,42.62,23014,A0282,M00282,brian
SKU00283,Producto 283,DEPORTE,313.63,169360,A0283,M00283,brian
SKU00284,Producto 284,ALIMENTOS,324.92,175456,A0284,M00284,brian
SKU00285,Producto 285,BELLEZA,53.06,28652,A0285,M00285,brian
SKU00286,Producto 286,HOGAR,363.31,196187,A0286,M00286,brian
SKU00287,Producto 287,HOGAR,329.08,177703,A0287,M00287,brian
SKU00288,Producto 288,ALIMENTOS,26.59,14358,A0288,M00288,brian
SKU00289,Producto 289,HOGAR,353.66,190976,A0289,M00289,brian
SKU00290,Producto 290,LIBROS,36.8,19872,A0290,M00290,brian
SKU00291,Producto 291,TECNOLOGIA,92.51,49955,A0291,M00291,brian
SKU00292,Producto 292,LIBROS,51.71,27923,A0292,M00292,brian
SKU00293,Producto 293,LIBROS,392.14,211755,A0293,M00293,brian
SKU00294,Producto 294,BELLEZA,375.85,202959,A0294,M00294,brian
SKU00295,Producto 295,TECNOLOGIA,357.06,192812,A0295,M00295,brian
SKU00296,Producto 296,LIBROS,435.52,235180,A0296,M00296,brian
SKU00297,Producto 297,JUGUETES,270.21,145913,A0297,M00297,brian
SKU00298,Producto 298,JUGUETES,152.49,82344,A0298,M00298,brian
SKU00299,Producto 299,ALIMENTOS,56.47,30493,A0299,M00299,brian
SKU00300,Producto 300,TECNOLOGIA,267.76,144590,A0300,M00300,brian
SKU00301,Producto 301,DEPORTE,280.35,151389,A0301,M00301,santi
SKU00302,Producto 302,ALIMENTOS,197.78,106801,A0302,M00302,santi
SKU00303,Producto 303,DEPORTE,376.29,203196,A0303,M00303,santi
SKU00304,Producto 304,ALIMENTOS,26.08,14083,A0304,M00304,santi
SKU00305,Producto 305,JUGUETES,92.94,50187,A0305,M00305,santi
SKU00306,Producto 306,MODA,223.91,120911,A0306,M00306,santi
SKU00307,Producto 307,MODA,126.05,68067,A0307,M00307,santi
SKU00308,Producto 308,BELLEZA,262.79,141906,A0308,M00308,santi
SKU00309,Producto 309,JUGUETES,320.71,173183,A0309,M00309,santi
SKU00310,Producto 310,DEPORTE,473.14,255495,A0310,M00310,santi
SKU00311,Producto 311,JUGUETES,375.72,202888,A0311,M00311,santi
SKU00312,Producto 312,TECNOLOGIA,299.92,161956,A0312,M00312,santi
SKU00313,Producto 313,LIBROS,112.77,60895,A0313,M00313,santi
SKU00314,Producto 314,LIBROS,60.34,32583,A0314,M00314,santi
SKU00315,Producto 315,LIBROS,358.86,193784,A0315,M00315,santi
SKU00316,Producto 316,JUGUETES,405.29,218856,A0316,M00316,santi
SKU00317,Producto 317,LIBROS,42.18,22777,A0317,M00317,santi
SKU00318,Producto 318,LIBROS,13.47,7273,A0318,M00318,santi
SKU00319,Producto 319,TECNOLOGIA,27.51,14855,A0319,M00319,santi
SKU00320,Producto 320,LIBROS,307.81,166217,A0320,M00320,santi
SKU00321,Producto 321,HOGAR,398.94,215427,A0321,M00321,santi
SKU00322,Producto 322,TECNOLOGIA,144.3,77922,A0322,M00322,santi
SKU00323,Producto 323,MODA,469.14,253335,A0323,M00323,santi
SKU00324,Producto 324,TECNOLOGIA,49.57,26767,A0324,M00324,santi
SKU00325,Producto 325,MODA,80.95,43713,A0325,M00325,santi
SKU00326,Producto 326,JUGUETES,296.12,159904,A0326,M00326,santi
SKU00327,Producto 327,DEPORTE,289.81,156497,A0327,M00327,santi
SKU00328,Producto 328,TECNOLOGIA,327.59,176898,A0328,M00328,santi
SKU00329,Producto 329,HOGAR,59.89,32340,A0329,M00329,santi
SKU00330,Producto 330,ALIMENTOS,33.22,17938,A0330,M00330,santi
SKU00331,Producto 331,JUGUETES,214.01,115565,A0331,M00331,santi
SKU00332,Producto 332,ALIMENTOS,370.06,199832,A0332,M00332,santi
SKU00333,Producto 333,LIBROS,354.58,191473,A0333,M00333,santi
SKU00334,Producto 334,ALIMENTOS,7.66,4136,A0334,M00334,santi
SKU00335,Producto 335,HOGAR,375.26,202640,A0335,M00335,santi
SKU00336,Producto 336,BELLEZA,100.73,54394,A0336,M00336,santi
SKU00337,Producto 337,JUGUETES,98.33,53098,A0337,M00337,santi
SKU00338,Producto 338,TECNOLOGIA,6.91,3731,A0338,M00338,santi
SKU00339,Producto 339,ALIMENTOS,166.69,90012,A0339,M00339,santi
SKU00340,Producto 340,LIBROS,138.73,74914,A0340,M00340,santi
SKU00341,Producto 341,HOGAR,277.17,149671,A0341,M00341,santi
SKU00342,Producto 342,ALIMENTOS,467.98,252709,A0342,M00342,santi
SKU00343,Producto 343,LIBROS,462.83,249928,A0343,M00343,santi
SKU00344,Producto 344,LIBROS,331.69,179112,A0344,M00344,santi
SKU00345,Producto 345,ALIMENTOS,34.52,18640,A0345,M00345,santi
SKU00346,Producto 346,JUGUETES,269.32,145432,A0346,M00346,santi
SKU00347,Producto 347,JUGUETES,86.19,46542,A0347,M00347,santi
SKU00348,Producto 348,MODA,379.36,204854,A0348,M00348,santi
SKU00349,Producto 349,HOGAR,429.61,231989,A0349,M00349,santi
SKU00350,Producto 350,LIBROS,422.7,228258,A0350,M00350,santi
SKU00351,Producto 351,HOGAR,441.6,238464,A0351,M00351,santi
SKU00352,Producto 352,JUGUETES,338.22,182638,A0352,M00352,santi
SKU00353,Producto 353,HOGAR,111.17,60031,A0353,M00353,santi
SKU00354,Producto 354,MODA,206.72,111628,A0354,M00354,santi
SKU00355,Producto 355,TECNOLOGIA,255.3,137862,A0355,M00355,santi
SKU00356,Producto 356,TECNOLOGIA,442.22,238798,A0356,M00356,santi
SKU00357,Producto 357,JUGUETES,92.63,50020,A0357,M00357,santi
SKU00358,Producto 358,MODA,56.85,30699,A0358,M00358,santi
SKU00359,Producto 359,JUGUETES,278.31,150287,A0359,M00359,santi
SKU00360,Producto 360,TECNOLOGIA,5.41,2921,A0360,M00360,santi
SKU00361,Producto 361,TECNOLOGIA,98.99,53454,A0361,M00361,santi
SKU00362,Producto 362,LIBROS,104.56,56462,A0362,M00362,santi
SKU00363,Producto 363,HOGAR,359.86,194324,A0363,M00363,santi
SKU00364,Producto 364,LIBROS,54.08,29203,A0364,M00364,santi
SKU00365,Producto 365,HOGAR,177.92,96076,A0365,M00365,santi
SKU00366,Producto 366,LIBROS,233.24,125949,A0366,M00366,santi
SKU00367,Producto 367,TECNOLOGIA,266.54,143931,A0367,M00367,santi
SKU00368,Producto 368,BELLEZA,355.58,192013,A0368,M00368,santi
SKU00369,Producto 369,ALIMENTOS,206.0,111240,A0369,M00369,santi
SKU00370,Producto 370,MODA,249.04,134481,A0370,M00370,santi
SKU00371,Producto 371,TECNOLOGIA,327.07,176617,A0371,M00371,santi
SKU00372,Producto 372,JUGUETES,378.98,204649,A0372,M00372,santi
SKU00373,Producto 373,BELLEZA,413.63,223360,A0373,M00373,santi
SKU00374,Producto 374,LIBROS,8.11,4379,A0374,M00374,santi
SKU00375,Producto 375,TECNOLOGIA,428.87,231589,A0375,M00375,santi
SKU00376,Producto 376,DEPORTE,127.44,68817,A0376,M00376,santi
SKU00377,Producto 377,TECNOLOGIA,312.48,168739,A0377,M00377,santi
SKU00378,Producto 378,MODA,305.32,164872,A0378,M00378,santi
SKU00379,Producto 379,JUGUETES,62.81,33917,A0379,M00379,santi
SKU00380,Producto 380,TECNOLOGIA,179.41,96881,A0380,M00380,santi
SKU00381,Producto 381,JUGUETES,291.88,157615,A0381,M00381,santi
SKU00382,Producto 382,HOGAR,272.8,147312,A0382,M00382,santi
SKU00383,Producto 383,DEPORTE,178.22,96238,A0383,M00383,santi
SKU00384,Producto 384,MODA,93.21,50333,A0384,M00384,santi
SKU00385,Producto 385,ALIMENTOS,495.38,267505,A0385,M00385,santi
SKU00386,Producto 386,LIBROS,352.24,190209,A0386,M00386,santi
SKU00387,Producto 387,JUGUETES,187.48,101239,A0387,M00387,santi
SKU00388,Producto 388,JUGUETES,269.26,145400,A0388,M00388,santi
SKU00389,Producto 389,LIBROS,307.76,166190,A0389,M00389,santi
SKU00390,Producto 390,BELLEZA,289.5,156330,A0390,M00390,santi
SKU00391,Producto 391,TECNOLOGIA,73.49,39684,A0391,M00391,santi
SKU00392,Producto 392,MODA,106.05,57267,A0392,M00392,santi
SKU00393,Producto 393,LIBROS,175.0,94500,A0393,M00393,santi
SKU00394,Producto 394,HOGAR,303.16,163706,A0394,M00394,santi
SKU00395,Producto 395,JUGUETES,316.0,170640,A0395,M00395,santi
SKU00396,Producto 396,ALIMENTOS,383.18,206917,A0396,M00396,santi
SKU00397,Producto 397,DEPORTE,443.86,239684,A0397,M00397,santi
SKU00398,Producto 398,ALIMENTOS,225.3,121662,A0398,M00398,santi
SKU00399,Producto 399,MODA,75.65,40851,A0399,M00399,santi
SKU00400,Producto 400,JUGUETES,214.41,115781,A0400,M00400,santi
SKU00401,Producto 401,DEPORTE,36.15,19521,A0401,M00401,allan
SKU00402,Producto 402,MODA,289.18,156157,A0402,M00402,allan
SKU00403,Producto 403,JUGUETES,244.79,132186,A0403,M00403,allan
SKU00404,Producto 404,ALIMENTOS,278.86,150584,A0404,M00404,allan
SKU00405,Producto 405,MODA,156.96,84758,A0405,M00405,allan
SKU00406,Producto 406,MODA,131.18,70837,A0406,M00406,allan
SKU00407,Producto 407,BELLEZA,344.36,185954,A0407,M00407,allan
SKU00408,Producto 408,DEPORTE,205.79,111126,A0408,M00408,allan
SKU00409,Producto 409,TECNOLOGIA,477.04,257601,A0409,M00409,allan
SKU00410,Producto 410,HOGAR,402.35,217269,A0410,M00410,allan
SKU00411,Producto 411,DEPORTE,60.71,32783,A0411,M00411,allan
SKU00412,Producto 412,MODA,125.05,67527,A0412,M00412,allan
SKU00413,Producto 413,MODA,261.9,141426,A0413,M00413,allan
SKU00414,Producto 414,BELLEZA,107.1,57834,A0414,M00414,allan
SKU00415,Producto 415,TECNOLOGIA,498.63,269260,A0415,M00415,allan
SKU00416,Producto 416,DEPORTE,389.32,210232,A0416,M00416,allan
SKU00417,Producto 417,ALIMENTOS,136.28,73591,A0417,M00417,allan
SKU00418,Producto 418,BELLEZA,9.89,5340,A0418,M00418,allan
SKU00419,Producto 419,LIBROS,333.13,179890,A0419,M00419,allan
SKU00420,Producto 420,JUGUETES,438.54,236811,A0420,M00420,allan
SKU00421,Producto 421,BELLEZA,482.6,260604,A0421,M00421,allan
SKU00422,Producto 422,TECNOLOGIA,418.67,226081,A0422,M00422,allan
SKU00423,Producto 423,ALIMENTOS,86.19,46542,A0423,M00423,allan
SKU00424,Producto 424,LIBROS,480.78,259621,A0424,M00424,allan
SKU00425,Producto 425,ALIMENTOS,201.37,108739,A0425,M00425,allan
SKU00426,Producto 426,DEPORTE,278.67,150481,A0426,M00426,allan
SKU00427,Producto 427,ALIMENTOS,13.95,7533,A0427,M00427,allan
SKU00428,Producto 428,LIBROS,138.93,75022,A0428,M00428,allan
SKU00429,Producto 429,DEPORTE,182.49,98544,A0429,M00429,allan
SKU00430,Producto 430,TECNOLOGIA,386.24,208569,A0430,M00430,allan
SKU00431,Producto 431,ALIMENTOS,280.36,151394,A0431,M00431,allan
SKU00432,Producto 432,HOGAR,438.09,236568,A0432,M00432,allan
SKU00433,Producto 433,ALIMENTOS,168.29,90876,A0433,M00433,allan
SKU00434,Producto 434,DEPORTE,335.04,180921,A0434,M00434,allan
SKU00435,Producto 435,HOGAR,311.33,168118,A0435,M00435,allan
SKU00436,Producto 436,MODA,134.65,72711,A0436,M00436,allan
SKU00437,Producto 437,TECNOLOGIA,278.9,150606,A0437,M00437,allan
SKU00438,Producto 438,JUGUETES,492.2,265788,A0438,M00438,allan
SKU00439,Producto 439,HOGAR,12.21,6593,A0439,M00439,allan
SKU00440,Producto 440,MODA,395.21,213413,A0440,M00440,allan
SKU00441,Producto 441,ALIMENTOS,28.39,15330,A0441,M00441,allan
SKU00442,Producto 442,HOGAR,27.73,14974,A0442,M00442,allan
SKU00443,Producto 443,BELLEZA,361.5,195210,A0443,M00443,allan
SKU00444,Producto 444,JUGUETES,55.4,29916,A0444,M00444,allan
SKU00445,Producto 445,BELLEZA,324.3,175122,A0445,M00445,allan
SKU00446,Producto 446,ALIMENTOS,456.02,246250,A0446,M00446,allan
SKU00447,Producto 447,BELLEZA,196.76,106250,A0447,M00447,allan
SKU00448,Producto 448,TECNOLOGIA,281.19,151842,A0448,M00448,allan
SKU00449,Producto 449,HOGAR,413.61,223349,A0449,M00449,allan
SKU00450,Producto 450,DEPORTE,218.84,118173,A0450,M00450,allan
SKU00451,Producto 451,ALIMENTOS,253.81,137057,A0451,M00451,allan
SKU00452,Producto 452,MODA,457.42,247006,A0452,M00452,allan
SKU00453,Producto 453,ALIMENTOS,328.55,177417,A0453,M00453,allan
SKU00454,Producto 454,MODA,85.19,46002,A0454,M00454,allan
SKU00455,Producto 455,ALIMENTOS,20.46,11048,A0455,M00455,allan
SKU00456,Producto 456,HOGAR,216.72,117028,A0456,M00456,allan
SKU00457,Producto 457,TECNOLOGIA,28.56,15422,A0457,M00457,allan
SKU00458,Producto 458,DEPORTE,459.87,248329,A0458,M00458,allan
SKU00459,Producto 459,DEPORTE,475.1,256554,A0459,M00459,allan
SKU00460,Producto 460,DEPORTE,70.11,37859,A0460,M00460,allan
SKU00461,Producto 461,ALIMENTOS,199.73,107854,A0461,M00461,allan
SKU00462,Producto 462,DEPORTE,334.31,180527,A0462,M00462,allan
SKU00463,Producto 463,JUGUETES,281.52,152020,A0463,M00463,allan
SKU00464,Producto 464,JUGUETES,410.16,221486,A0464,M00464,allan
SKU00465,Producto 465,BELLEZA,86.59,46758,A0465,M00465,allan
SKU00466,Producto 466,ALIMENTOS,192.03,103696,A0466,M00466,allan
SKU00467,Producto 467,LIBROS,62.83,33928,A0467,M00467,allan
SKU00468,Producto 468,BELLEZA,307.58,166093,A0468,M00468,allan
SKU00469,Producto 469,JUGUETES,436.76,235850,A0469,M00469,allan
SKU00470,Producto 470,LIBROS,161.14,87015,A0470,M00470,allan
SKU00471,Producto 471,JUGUETES,385.22,208018,A0471,M00471,allan
SKU00472,Producto 472,LIBROS,469.78,253681,A0472,M00472,allan
SKU00473,Producto 473,LIBROS,66.82,36082,A0473,M00473,allan
SKU00474,Producto 474,ALIMENTOS,169.23,91384,A0474,M00474,allan
SKU00475,Producto 475,HOGAR,466.28,251791,A0475,M00475,allan
SKU00476,Producto 476,DEPORTE,222.59,120198,A0476,M00476,allan
SKU00477,Producto 477,ALIMENTOS,133.02,71830,A0477,M00477,allan
SKU00478,Producto 478,DEPORTE,242.8,131112,A0478,M00478,allan
SKU00479,Producto 479,JUGUETES,155.27,83845,A0479,M00479,allan
SKU00480,Producto 480,DEPORTE,343.94,185727,A0480,M00480,allan
SKU00481,Producto 481,BELLEZA,189.32,102232,A0481,M00481,allan
SKU00482,Producto 482,HOGAR,302.39,163290,A0482,M00482,allan
SKU00483,Producto 483,BELLEZA,89.51,48335,A0483,M00483,allan
SKU00484,Producto 484,HOGAR,269.52,145540,A0484,M00484,allan
SKU00485,Producto 485,BELLEZA,8.02,4330,A0485,M00485,allan
SKU00486,Producto 486,TECNOLOGIA,484.88,261835,A0486,M00486,allan
SKU00487,Producto 487,DEPORTE,169.84,91713,A0487,M00487,allan
SKU00488,Producto 488,BELLEZA,112.99,61014,A0488,M00488,allan
SKU00489,Producto 489,LIBROS,352.25,190215,A0489,M00489,allan
SKU00490,Producto 490,ALIMENTOS,6.65,3591,A0490,M00490,allan
SKU00491,Producto 491,HOGAR,200.22,108118,A0491,M00491,allan
SKU00492,Producto 492,LIBROS,473.52,255700,A0492,M00492,allan
SKU00493,Producto 493,TECNOLOGIA,465.0,251100,A0493,M00493,allan
SKU00494,Producto 494,MODA,122.23,66004,A0494,M00494,allan
SKU00495,Producto 495,LIBROS,318.49,171984,A0495,M00495,allan
SKU00496,Producto 496,MODA,249.85,134919,A0496,M00496,allan
SKU00497,Producto 497,JUGUETES,387.34,209163,A0497,M00497,allan
SKU00498,Producto 498,HOGAR,310.66,167756,A0498,M00498,allan
SKU00499,Producto 499,BELLEZA,357.62,193114,A0499,M00499,allan
SKU00500,Producto 500,BELLEZA,279.3,150822,A0500,M00500,allan
SKU00501,Producto 501,LIBROS,94.57,51067,A0501,M00501,extra
SKU00502,Producto 502,DEPORTE,89.3,48222,A0502,M00502,extra
SKU00503,Producto 503,BELLEZA,74.27,40105,A0503,M00503,extra
SKU00504,Producto 504,BELLEZA,55.19,29802,A0504,M00504,extra
SKU00505,Producto 505,TECNOLOGIA,488.86,263984,A0505,M00505,extra
SKU00506,Producto 506,BELLEZA,247.18,133477,A0506,M00506,extra
SKU00507,Producto 507,TECNOLOGIA,227.07,122617,A0507,M00507,extra
SKU00508,Producto 508,ALIMENTOS,171.31,92507,A0508,M00508,extra
SKU00509,Producto 509,ALIMENTOS,266.9,144126,A0509,M00509,extra
SKU00510,Producto 510,ALIMENTOS,184.82,99802,A0510,M00510,extra
SKU00511,Producto 511,TECNOLOGIA,132.87,71749,A0511,M00511,extra
SKU00512,Producto 512,MODA,157.09,84828,A0512,M00512,extra
SKU00513,Producto 513,MODA,119.01,64265,A0513,M00513,extra
SKU00514,Producto 514,BELLEZA,321.12,173404,A0514,M00514,extra
SKU00515,Producto 515,BELLEZA,387.33,209158,A0515,M00515,extra
SKU00516,Producto 516,DEPORTE,221.99,119874,A0516,M00516,extra
SKU00517,Producto 517,DEPORTE,60.51,32675,A0517,M00517,extra
SKU00518,Producto 518,MODA,63.95,34533,A0518,M00518,extra
SKU00519,Producto 519,DEPORTE,352.65,190431,A0519,M00519,extra
SKU00520,Producto 520,MODA,103.72,56008,A0520,M00520,extra
SKU00521,Producto 521,DEPORTE,424.47,229213,A0521,M00521,extra
SKU00522,Producto 522,HOGAR,23.14,12495,A0522,M00522,extra
SKU00523,Producto 523,HOGAR,246.72,133228,A0523,M00523,extra
SKU00524,Producto 524,ALIMENTOS,115.01,62105,A0524,M00524,extra
SKU00525,Producto 525,TECNOLOGIA,267.28,144331,A0525,M00525,extra
SKU00526,Producto 526,JUGUETES,46.16,24926,A0526,M00526,extra
SKU00527,Producto 527,TECNOLOGIA,345.75,186705,A0527,M00527,extra
SKU00528,Producto 528,HOGAR,413.62,223354,A0528,M00528,extra
SKU00529,Producto 529,LIBROS,216.43,116872,A0529,M00529,extra
SKU00530,Producto 530,ALIMENTOS,258.93,139822,A0530,M00530,extra
SKU00531,Producto 531,LIBROS,406.98,219769,A0531,M00531,extra
SKU00532,Producto 532,TECNOLOGIA,179.55,96957,A0532,M00532,extra
SKU00533,Producto 533,LIBROS,242.56,130982,A0533,M00533,extra
SKU00534,Producto 534,MODA,102.17,55171,A0534,M00534,extra
SKU00535,Producto 535,DEPORTE,414.47,223813,A0535,M00535,extra
SKU00536,Producto 536,JUGUETES,96.06,51872,A0536,M00536,extra
SKU00537,Producto 537,TECNOLOGIA,160.16,86486,A0537,M00537,extra
SKU00538,Producto 538,TECNOLOGIA,225.36,121694,A0538,M00538,extra
SKU00539,Producto 539,DEPORTE,207.25,111915,A0539,M00539,extra
SKU00540,Producto 540,HOGAR,463.66,250376,A0540,M00540,extra
SKU00541,Producto 541,HOGAR,243.9,131706,A0541,M00541,extra
SKU00542,Producto 542,ALIMENTOS,55.26,29840,A0542,M00542,extra
SKU00543,Producto 543,TECNOLOGIA,181.34,97923,A0543,M00543,extra
SKU00544,Producto 544,MODA,98.06,52952,A0544,M00544,extra
SKU00545,Producto 545,DEPORTE,435.33,235078,A0545,M00545,extra
SKU00546,Producto 546,MODA,48.37,26119,A0546,M00546,extra
SKU00547,Producto 547,MODA,224.13,121030,A0547,M00547,extra
SKU00548,Producto 548,JUGUETES,467.09,252228,A0548,M00548,extra
SKU00549,Producto 549,JUGUETES,296.48,160099,A0549,M00549,extra
SKU00550,Producto 550,TECNOLOGIA,493.53,266506,A0550,M00550,extra
